Workbook

Sheet Data Source 1_customer readings
A1: Customer ID | B1: Reading Day | C1: Reading Month | D1: Reading Year | E1: Gas Reading (Price) | F1: Electric Reading (Price) | H1: Bedrooms | I1: Electricity supplier | J1: Solar Panels
A2: OXQ92940zy | B2: 17 | C2: 12 | D2: 2021 | E2: None | F2: 272.49 | H2: =_xlfn.XLOOKUP('Customer Info'!A1202,'Customer Info'!A1202:A1301,'Customer Info'!E1202:E1301,0,0) -> 0 | J2: =_xlfn.XLOOKUP('Customer Info'!A1202,'Customer Info'!A1202:A1301,'Customer Info'!M1202:M1301) -> 0
A3: OXQ92940zy | B3: 17 | C3: 1 | D3: 2021 | E3: 0 | F3: 256.37 | H3: =_xlfn.XLOOKUP('Customer Info'!A2071,'Customer Info'!A2071:A2170,'Customer Info'!E2071:E2170,0,0) -> 0 | J3: =_xlfn.XLOOKUP('Customer Info'!A2071,'Customer Info'!A2071:A2170,'Customer Info'!M2071:M2170) -> 0
A4: OFD38290ot | B4: 2 | C4: 1 | D4: 2021 | E4: 0 | F4: 246.45 | H4: =_xlfn.XLOOKUP('Customer Info'!A2072,'Customer Info'!A2072:A2171,'Customer Info'!E2072:E2171,0,0) -> 0 | J4: =_xlfn.XLOOKUP('Customer Info'!A2072,'Customer Info'!A2072:A2171,'Customer Info'!M2072:M2171) -> 0
A5: OXQ92940zy | B5: 17 | C5: 12 | D5: 2020 | E5: None | F5: 244.9 | H5: =_xlfn.XLOOKUP('Customer Info'!A2,'Customer Info'!A2:A101,'Customer Info'!E2:E101,0,0) -> 2 | I5: =_xlfn.XLOOKUP('Customer Info'!A2,'Customer Info'!A2:A101,'Customer Info'!J2:J101,0) -> Scottish Gas | J5: =_xlfn.XLOOKUP('Customer Info'!A2,'Customer Info'!A2:A101,'Customer Info'!M2:M101) -> FALSE
A6: OFD38290ot | B6: 2 | C6: 12 | D6: 2021 | E6: 0 | F6: 243.35 | H6: =_xlfn.XLOOKUP('Customer Info'!A2073,'Customer Info'!A2073:A2172,'Customer Info'!E2073:E2172,0,0) -> 0 | J6: =_xlfn.XLOOKUP('Customer Info'!A2073,'Customer Info'!A2073:A2172,'Customer Info'!M2073:M2172) -> 0
A7: OXQ92940zy | B7: 17 | C7: 11 | D7: 2021 | E7: 0 | F7: 237.9 | H7: =_xlfn.XLOOKUP('Customer Info'!A2074,'Customer Info'!A2074:A2173,'Customer Info'!E2074:E2173,0,0) -> 0 | J7: =_xlfn.XLOOKUP('Customer Info'!A2074,'Customer Info'!A2074:A2173,'Customer Info'!M2074:M2173) -> 0
A8: YOB39332fb | B8: 14 | C8: 11 | D8: 2020 | E8: 0 | F8: 234.3 | H8: =_xlfn.XLOOKUP('Customer Info'!A877,'Customer Info'!A877:A976,'Customer Info'!E877:E976,0,0) -> 0 | J8: =_xlfn.XLOOKUP('Customer Info'!A877,'Customer Info'!A877:A976,'Customer Info'!M877:M976) -> 0
A9: YOB39332fb | B9: 14 | C9: 1 | D9: 2021 | E9: 0 | F9: 233.74 | H9: =_xlfn.XLOOKUP('Customer Info'!A2075,'Customer Info'!A2075:A2174,'Customer Info'!E2075:E2174,0,0) -> 0 | J9: =_xlfn.XLOOKUP('Customer Info'!A2075,'Customer Info'!A2075:A2174,'Customer Info'!M2075:M2174) -> 0
A10: SDI07287zg | B10: 22 | C10: 11 | D10: 2021 | E10: 0 | F10: 231.9 | H10: =_xlfn.XLOOKUP('Customer Info'!A2076,'Customer Info'!A2076:A2175,'Customer Info'!E2076:E2175,0,0) -> 0 | J10: =_xlfn.XLOOKUP('Customer Info'!A2076,'Customer Info'!A2076:A2175,'Customer Info'!M2076:M2175) -> 0
A11: OFD38290ot | B11: 2 | C11: 11 | D11: 2021 | E11: None | F11: 226.8 | H11: =_xlfn.XLOOKUP('Customer Info'!A1203,'Customer Info'!A1203:A1302,'Customer Info'!E1203:E1302,0,0) -> 0 | J11: =_xlfn.XLOOKUP('Customer Info'!A1203,'Customer Info'!A1203:A1302,'Customer Info'!M1203:M1302) -> 0
A12: BAK65354tq | B12: 5 | C12: 11 | D12: 2021 | E12: 0 | F12: 224.1 | H12: =_xlfn.XLOOKUP('Customer Info'!A2077,'Customer Info'!A2077:A2176,'Customer Info'!E2077:E2176,0,0) -> 0 | J12: =_xlfn.XLOOKUP('Customer Info'!A2077,'Customer Info'!A2077:A2176,'Customer Info'!M2077:M2176) -> 0
A13: OXQ92940zy | B13: 17 | C13: 2 | D13: 2020 | E13: 0 | F13: 223.72 | H13: =_xlfn.XLOOKUP('Customer Info'!A878,'Customer Info'!A878:A977,'Customer Info'!E878:E977,0,0) -> 0 | J13: =_xlfn.XLOOKUP('Customer Info'!A878,'Customer Info'!A878:A977,'Customer Info'!M878:M977) -> 0
A14: BAK65354tq | B14: 5 | C14: 12 | D14: 2021 | E14: None | F14: 222.89 | H14: =_xlfn.XLOOKUP('Customer Info'!A1204,'Customer Info'!A1204:A1303,'Customer Info'!E1204:E1303,0,0) -> 0 | J14: =_xlfn.XLOOKUP('Customer Info'!A1204,'Customer Info'!A1204:A1303,'Customer Info'!M1204:M1303) -> 0
A15: QJY78975xx | B15: 1 | C15: 1 | D15: 2021 | E15: 0 | F15: 222.89 | H15: =_xlfn.XLOOKUP('Customer Info'!A2078,'Customer Info'!A2078:A2177,'Customer Info'!E2078:E2177,0,0) -> 0 | J15: =_xlfn.XLOOKUP('Customer Info'!A2078,'Customer Info'!A2078:A2177,'Customer Info'!M2078:M2177) -> 0
A16: YFB97062xj | B16: 5 | C16: 12 | D16: 2021 | E16: 0 | F16: 221.03 | H16: =_xlfn.XLOOKUP('Customer Info'!A2079,'Customer Info'!A2079:A2178,'Customer Info'!E2079:E2178,0,0) -> 0 | J16: =_xlfn.XLOOKUP('Customer Info'!A2079,'Customer Info'!A2079:A2178,'Customer Info'!M2079:M2178) -> 0
A17: OXQ92940zy | B17: 17 | C17: 1 | D17: 2020 | E17: 0 | F17: 220.72 | H17: =_xlfn.XLOOKUP('Customer Info'!A879,'Customer Info'!A879:A978,'Customer Info'!E879:E978,0,0) -> 0 | J17: =_xlfn.XLOOKUP('Customer Info'!A879,'Customer Info'!A879:A978,'Customer Info'!M879:M978) -> 0
A18: CKQ72473xh | B18: 8 | C18: 1 | D18: 2020 | E18: 0 | F18: 219.48 | H18: =_xlfn.XLOOKUP('Customer Info'!A880,'Customer Info'!A880:A979,'Customer Info'!E880:E979,0,0) -> 0 | J18: =_xlfn.XLOOKUP('Customer Info'!A880,'Customer Info'!A880:A979,'Customer Info'!M880:M979) -> 0
A19: BAK65354tq | B19: 5 | C19: 1 | D19: 2021 | E19: 0 | F19: 219.17 | H19: =_xlfn.XLOOKUP('Customer Info'!A2080,'Customer Info'!A2080:A2179,'Customer Info'!E2080:E2179,0,0) -> 0 | J19: =_xlfn.XLOOKUP('Customer Info'!A2080,'Customer Info'!A2080:A2179,'Customer Info'!M2080:M2179) -> 0
A20: PBR62140zd | B20: 14 | C20: 1 | D20: 2021 | E20: 0 | F20: 218.86 | H20: =_xlfn.XLOOKUP('Customer Info'!A2081,'Customer Info'!A2081:A2180,'Customer Info'!E2081:E2180,0,0) -> 0 | J20: =_xlfn.XLOOKUP('Customer Info'!A2081,'Customer Info'!A2081:A2180,'Customer Info'!M2081:M2180) -> 0
A21: SDI07287zg | B21: 22 | C21: 11 | D21: 2020 | E21: 0 | F21: 217.5 | H21: =_xlfn.XLOOKUP('Customer Info'!A881,'Customer Info'!A881:A980,'Customer Info'!E881:E980,0,0) -> 0 | J21: =_xlfn.XLOOKUP('Customer Info'!A881,'Customer Info'!A881:A980,'Customer Info'!M881:M980) -> 0
A22: PCY81777xu | B22: 15 | C22: 11 | D22: 2021 | E22: 0 | F22: 216.9 | H22: =_xlfn.XLOOKUP('Customer Info'!A2082,'Customer Info'!A2082:A2181,'Customer Info'!E2082:E2181,0,0) -> 0 | J22: =_xlfn.XLOOKUP('Customer Info'!A2082,'Customer Info'!A2082:A2181,'Customer Info'!M2082:M2181) -> 0
A23: OXQ92940zy | B23: 17 | C23: 2 | D23: 2021 | E23: 0 | F23: 214.48 | H23: =_xlfn.XLOOKUP('Customer Info'!A2083,'Customer Info'!A2083:A2182,'Customer Info'!E2083:E2182,0,0) -> 0 | J23: =_xlfn.XLOOKUP('Customer Info'!A2083,'Customer Info'!A2083:A2182,'Customer Info'!M2083:M2182) -> 0
A24: OXQ92940zy | B24: 17 | C24: 11 | D24: 2020 | E24: 0 | F24: 213.9 | H24: =_xlfn.XLOOKUP('Customer Info'!A882,'Customer Info'!A882:A981,'Customer Info'!E882:E981,0,0) -> 0 | J24: =_xlfn.XLOOKUP('Customer Info'!A882,'Customer Info'!A882:A981,'Customer Info'!M882:M981) -> 0
A25: VJT76037py | B25: 5 | C25: 11 | D25: 2021 | E25: 0 | F25: 213.9 | H25: =_xlfn.XLOOKUP('Customer Info'!A2084,'Customer Info'!A2084:A2183,'Customer Info'!E2084:E2183,0,0) -> 0 | J25: =_xlfn.XLOOKUP('Customer Info'!A2084,'Customer Info'!A2084:A2183,'Customer Info'!M2084:M2183) -> 0
A26: QJY78975xx | B26: 1 | C26: 12 | D26: 2021 | E26: None | F26: 211.73 | H26: =_xlfn.XLOOKUP('Customer Info'!A1205,'Customer Info'!A1205:A1304,'Customer Info'!E1205:E1304,0,0) -> 0 | J26: =_xlfn.XLOOKUP('Customer Info'!A1205,'Customer Info'!A1205:A1304,'Customer Info'!M1205:M1304) -> 0
A27: RQP11655zi | B27: 22 | C27: 12 | D27: 2020 | E27: 0 | F27: 209.87 | H27: =_xlfn.XLOOKUP('Customer Info'!A883,'Customer Info'!A883:A982,'Customer Info'!E883:E982,0,0) -> 0 | J27: =_xlfn.XLOOKUP('Customer Info'!A883,'Customer Info'!A883:A982,'Customer Info'!M883:M982) -> 0
A28: OFD38290ot | B28: 2 | C28: 1 | D28: 2020 | E28: 0 | F28: 209.25 | H28: =_xlfn.XLOOKUP('Customer Info'!A884,'Customer Info'!A884:A983,'Customer Info'!E884:E983,0,0) -> 0 | J28: =_xlfn.XLOOKUP('Customer Info'!A884,'Customer Info'!A884:A983,'Customer Info'!M884:M983) -> 0
A29: RQP11655zi | B29: 22 | C29: 1 | D29: 2020 | E29: 0 | F29: 209.25 | H29: =_xlfn.XLOOKUP('Customer Info'!A885,'Customer Info'!A885:A984,'Customer Info'!E885:E984,0,0) -> 0 | J29: =_xlfn.XLOOKUP('Customer Info'!A885,'Customer Info'!A885:A984,'Customer Info'!M885:M984) -> 0
A30: JGD49544db | B30: 2 | C30: 1 | D30: 2021 | E30: 0 | F30: 208.01 | H30: =_xlfn.XLOOKUP('Customer Info'!A2085,'Customer Info'!A2085:A2184,'Customer Info'!E2085:E2184,0,0) -> 0 | J30: =_xlfn.XLOOKUP('Customer Info'!A2085,'Customer Info'!A2085:A2184,'Customer Info'!M2085:M2184) -> 0
A31: BQY08319vl | B31: 12 | C31: 12 | D31: 2021 | E31: 0 | F31: 206.77 | H31: =_xlfn.XLOOKUP('Customer Info'!A2086,'Customer Info'!A2086:A2185,'Customer Info'!E2086:E2185,0,0) -> 0 | J31: =_xlfn.XLOOKUP('Customer Info'!A2086,'Customer Info'!A2086:A2185,'Customer Info'!M2086:M2185) -> 0
A32: LQK10370cq | B32: 20 | C32: 12 | D32: 2020 | E32: None | F32: 206.46 | H32: =_xlfn.XLOOKUP('Customer Info'!A3,'Customer Info'!A3:A102,'Customer Info'!E3:E102,0,0) -> 3 | I32: =_xlfn.XLOOKUP('Customer Info'!A3,'Customer Info'!A3:A102,'Customer Info'!J3:J102,0) -> Scottish Gas | J32: =_xlfn.XLOOKUP('Customer Info'!A3,'Customer Info'!A3:A102,'Customer Info'!M3:M102) -> FALSE
A33: LQK10370cq | B33: 20 | C33: 11 | D33: 2020 | E33: 0 | F33: 206.4 | H33: =_xlfn.XLOOKUP('Customer Info'!A886,'Customer Info'!A886:A985,'Customer Info'!E886:E985,0,0) -> 0 | J33: =_xlfn.XLOOKUP('Customer Info'!A886,'Customer Info'!A886:A985,'Customer Info'!M886:M985) -> 0
A34: BAK65354tq | B34: 5 | C34: 11 | D34: 2020 | E34: None | F34: 206.1 | H34: =_xlfn.XLOOKUP('Customer Info'!A4,'Customer Info'!A4:A103,'Customer Info'!E4:E103,0,0) -> 2 | I34: =_xlfn.XLOOKUP('Customer Info'!A4,'Customer Info'!A4:A103,'Customer Info'!J4:J103,0) -> SSW | J34: =_xlfn.XLOOKUP('Customer Info'!A4,'Customer Info'!A4:A103,'Customer Info'!M4:M103) -> FALSE
A35: QJY78975xx | B35: 1 | C35: 11 | D35: 2021 | E35: 0 | F35: 206.1 | H35: =_xlfn.XLOOKUP('Customer Info'!A2087,'Customer Info'!A2087:A2186,'Customer Info'!E2087:E2186,0,0) -> 0 | J35: =_xlfn.XLOOKUP('Customer Info'!A2087,'Customer Info'!A2087:A2186,'Customer Info'!M2087:M2186) -> 0
A36: BAK65354tq | B36: 5 | C36: 1 | D36: 2020 | E36: 0 | F36: 205.84 | H36: =_xlfn.XLOOKUP('Customer Info'!A887,'Customer Info'!A887:A986,'Customer Info'!E887:E986,0,0) -> 0 | J36: =_xlfn.XLOOKUP('Customer Info'!A887,'Customer Info'!A887:A986,'Customer Info'!M887:M986) -> 0
A37: GOC42881px | B37: 5 | C37: 12 | D37: 2021 | E37: 0 | F37: 205.53 | H37: =_xlfn.XLOOKUP('Customer Info'!A2088,'Customer Info'!A2088:A2187,'Customer Info'!E2088:E2187,0,0) -> 0 | J37: =_xlfn.XLOOKUP('Customer Info'!A2088,'Customer Info'!A2088:A2187,'Customer Info'!M2088:M2187) -> 0
A38: OFD38290ot | B38: 2 | C38: 11 | D38: 2020 | E38: 0 | F38: 205.5 | H38: =_xlfn.XLOOKUP('Customer Info'!A888,'Customer Info'!A888:A987,'Customer Info'!E888:E987,0,0) -> 0 | J38: =_xlfn.XLOOKUP('Customer Info'!A888,'Customer Info'!A888:A987,'Customer Info'!M888:M987) -> 0
A39: YFB97062xj | B39: 5 | C39: 1 | D39: 2020 | E39: 0 | F39: 205.22 | H39: =_xlfn.XLOOKUP('Customer Info'!A889,'Customer Info'!A889:A988,'Customer Info'!E889:E988,0,0) -> 0 | J39: =_xlfn.XLOOKUP('Customer Info'!A889,'Customer Info'!A889:A988,'Customer Info'!M889:M988) -> 0
A40: RQP11655zi | B40: 22 | C40: 1 | D40: 2021 | E40: 0 | F40: 205.22 | H40: =_xlfn.XLOOKUP('Customer Info'!A2089,'Customer Info'!A2089:A2188,'Customer Info'!E2089:E2188,0,0) -> 0 | J40: =_xlfn.XLOOKUP('Customer Info'!A2089,'Customer Info'!A2089:A2188,'Customer Info'!M2089:M2188) -> 0
A41: PCY81777xu | B41: 15 | C41: 1 | D41: 2020 | E41: 0 | F41: 204.6 | H41: =_xlfn.XLOOKUP('Customer Info'!A890,'Customer Info'!A890:A989,'Customer Info'!E890:E989,0,0) -> 0 | J41: =_xlfn.XLOOKUP('Customer Info'!A890,'Customer Info'!A890:A989,'Customer Info'!M890:M989) -> 0
A42: RQP11655zi | B42: 22 | C42: 2 | D42: 2020 | E42: None | F42: 204.12 | H42: =_xlfn.XLOOKUP('Customer Info'!A5,'Customer Info'!A5:A104,'Customer Info'!E5:E104,0,0) -> 4 | I42: =_xlfn.XLOOKUP('Customer Info'!A5,'Customer Info'!A5:A104,'Customer Info'!J5:J104,0) -> Scottish Gas | J42: =_xlfn.XLOOKUP('Customer Info'!A5,'Customer Info'!A5:A104,'Customer Info'!M5:M104) -> FALSE
A43: OFD38290ot | B43: 2 | C43: 12 | D43: 2020 | E43: 0 | F43: 203.98 | H43: =_xlfn.XLOOKUP('Customer Info'!A891,'Customer Info'!A891:A990,'Customer Info'!E891:E990,0,0) -> 0 | J43: =_xlfn.XLOOKUP('Customer Info'!A891,'Customer Info'!A891:A990,'Customer Info'!M891:M990) -> 0
A44: YFB97062xj | B44: 5 | C44: 12 | D44: 2020 | E44: 0 | F44: 203.98 | H44: =_xlfn.XLOOKUP('Customer Info'!A892,'Customer Info'!A892:A991,'Customer Info'!E892:E991,0,0) -> 0 | J44: =_xlfn.XLOOKUP('Customer Info'!A892,'Customer Info'!A892:A991,'Customer Info'!M892:M991) -> 0
A45: CKQ72473xh | B45: 8 | C45: 11 | D45: 2020 | E45: 0 | F45: 203.7 | H45: =_xlfn.XLOOKUP('Customer Info'!A893,'Customer Info'!A893:A992,'Customer Info'!E893:E992,0,0) -> 0 | J45: =_xlfn.XLOOKUP('Customer Info'!A893,'Customer Info'!A893:A992,'Customer Info'!M893:M992) -> 0
A46: YOB39332fb | B46: 14 | C46: 1 | D46: 2020 | E46: 0 | F46: 203.67 | H46: =_xlfn.XLOOKUP('Customer Info'!A894,'Customer Info'!A894:A993,'Customer Info'!E894:E993,0,0) -> 0 | J46: =_xlfn.XLOOKUP('Customer Info'!A894,'Customer Info'!A894:A993,'Customer Info'!M894:M993) -> 0
A47: QJY78975xx | B47: 1 | C47: 12 | D47: 2020 | E47: None | F47: 203.05 | H47: =_xlfn.XLOOKUP('Customer Info'!A6,'Customer Info'!A6:A105,'Customer Info'!E6:E105,0,0) -> 2 | I47: =_xlfn.XLOOKUP('Customer Info'!A6,'Customer Info'!A6:A105,'Customer Info'!J6:J105,0) -> Scottish Gas | J47: =_xlfn.XLOOKUP('Customer Info'!A6,'Customer Info'!A6:A105,'Customer Info'!M6:M105) -> FALSE
A48: BQY08319vl | B48: 12 | C48: 1 | D48: 2021 | E48: 0 | F48: 203.05 | H48: =_xlfn.XLOOKUP('Customer Info'!A2090,'Customer Info'!A2090:A2189,'Customer Info'!E2090:E2189,0,0) -> 0 | J48: =_xlfn.XLOOKUP('Customer Info'!A2090,'Customer Info'!A2090:A2189,'Customer Info'!M2090:M2189) -> 0
A49: OXQ92940zy | B49: 17 | C49: 10 | D49: 2020 | E49: 0 | F49: 202.74 | H49: =_xlfn.XLOOKUP('Customer Info'!A895,'Customer Info'!A895:A994,'Customer Info'!E895:E994,0,0) -> 0 | J49: =_xlfn.XLOOKUP('Customer Info'!A895,'Customer Info'!A895:A994,'Customer Info'!M895:M994) -> 0
A50: YOB39332fb | B50: 14 | C50: 11 | D50: 2021 | E50: 0 | F50: 202.5 | H50: =_xlfn.XLOOKUP('Customer Info'!A2091,'Customer Info'!A2091:A2190,'Customer Info'!E2091:E2190,0,0) -> 0 | J50: =_xlfn.XLOOKUP('Customer Info'!A2091,'Customer Info'!A2091:A2190,'Customer Info'!M2091:M2190) -> 0
A51: LQK10370cq | B51: 20 | C51: 1 | D51: 2020 | E51: None | F51: 202.43 | H51: =_xlfn.XLOOKUP('Customer Info'!A7,'Customer Info'!A7:A106,'Customer Info'!E7:E106,0,0) -> 4 | I51: =_xlfn.XLOOKUP('Customer Info'!A7,'Customer Info'!A7:A106,'Customer Info'!J7:J106,0) -> Scottish Gas | J51: =_xlfn.XLOOKUP('Customer Info'!A7,'Customer Info'!A7:A106,'Customer Info'!M7:M106) -> FALSE
A52: YFB97062xj | B52: 5 | C52: 1 | D52: 2021 | E52: None | F52: 201.5 | H52: =_xlfn.XLOOKUP('Customer Info'!A1206,'Customer Info'!A1206:A1305,'Customer Info'!E1206:E1305,0,0) -> 0 | J52: =_xlfn.XLOOKUP('Customer Info'!A1206,'Customer Info'!A1206:A1305,'Customer Info'!M1206:M1305) -> 0
A53: CKQ72473xh | B53: 8 | C53: 12 | D53: 2020 | E53: 0 | F53: 201.19 | H53: =_xlfn.XLOOKUP('Customer Info'!A896,'Customer Info'!A896:A995,'Customer Info'!E896:E995,0,0) -> 0 | J53: =_xlfn.XLOOKUP('Customer Info'!A896,'Customer Info'!A896:A995,'Customer Info'!M896:M995) -> 0
A54: ZOA34374mt | B54: 15 | C54: 12 | D54: 2021 | E54: 0 | F54: 200.26 | H54: =_xlfn.XLOOKUP('Customer Info'!A2092,'Customer Info'!A2092:A2191,'Customer Info'!E2092:E2191,0,0) -> 0 | J54: =_xlfn.XLOOKUP('Customer Info'!A2092,'Customer Info'!A2092:A2191,'Customer Info'!M2092:M2191) -> 0
A55: SDI07287zg | B55: 22 | C55: 1 | D55: 2021 | E55: 0 | F55: 199.95 | H55: =_xlfn.XLOOKUP('Customer Info'!A2093,'Customer Info'!A2093:A2192,'Customer Info'!E2093:E2192,0,0) -> 0 | J55: =_xlfn.XLOOKUP('Customer Info'!A2093,'Customer Info'!A2093:A2192,'Customer Info'!M2093:M2192) -> 0
A56: YOB39332fb | B56: 14 | C56: 2 | D56: 2021 | E56: None | F56: 199.92 | H56: =_xlfn.XLOOKUP('Customer Info'!A1207,'Customer Info'!A1207:A1306,'Customer Info'!E1207:E1306,0,0) -> 0 | J56: =_xlfn.XLOOKUP('Customer Info'!A1207,'Customer Info'!A1207:A1306,'Customer Info'!M1207:M1306) -> 0
A57: YOB39332fb | B57: 14 | C57: 2 | D57: 2020 | E57: 0 | F57: 199.92 | H57: =_xlfn.XLOOKUP('Customer Info'!A897,'Customer Info'!A897:A996,'Customer Info'!E897:E996,0,0) -> 0 | J57: =_xlfn.XLOOKUP('Customer Info'!A897,'Customer Info'!A897:A996,'Customer Info'!M897:M996) -> 0
A58: SDI07287zg | B58: 22 | C58: 1 | D58: 2020 | E58: None | F58: 199.33 | H58: =_xlfn.XLOOKUP('Customer Info'!A8,'Customer Info'!A8:A107,'Customer Info'!E8:E107,0,0) -> 4 | I58: =_xlfn.XLOOKUP('Customer Info'!A8,'Customer Info'!A8:A107,'Customer Info'!J8:J107,0) -> SSW | J58: =_xlfn.XLOOKUP('Customer Info'!A8,'Customer Info'!A8:A107,'Customer Info'!M8:M107) -> FALSE
A59: YOB39332fb | B59: 14 | C59: 12 | D59: 2021 | E59: 0 | F59: 199.33 | H59: =_xlfn.XLOOKUP('Customer Info'!A2094,'Customer Info'!A2094:A2193,'Customer Info'!E2094:E2193,0,0) -> 0 | J59: =_xlfn.XLOOKUP('Customer Info'!A2094,'Customer Info'!A2094:A2193,'Customer Info'!M2094:M2193) -> 0
A60: OFD38290ot | B60: 2 | C60: 2 | D60: 2021 | E60: 0 | F60: 198.8 | H60: =_xlfn.XLOOKUP('Customer Info'!A2095,'Customer Info'!A2095:A2194,'Customer Info'!E2095:E2194,0,0) -> 0 | J60: =_xlfn.XLOOKUP('Customer Info'!A2095,'Customer Info'!A2095:A2194,'Customer Info'!M2095:M2194) -> 0
A61: PBR62140zd | B61: 14 | C61: 1 | D61: 2020 | E61: 0 | F61: 198.71 | H61: =_xlfn.XLOOKUP('Customer Info'!A898,'Customer Info'!A898:A997,'Customer Info'!E898:E997,0,0) -> 0 | J61: =_xlfn.XLOOKUP('Customer Info'!A898,'Customer Info'!A898:A997,'Customer Info'!M898:M997) -> 0
A62: HPT27954kx | B62: 22 | C62: 1 | D62: 2020 | E62: 0 | F62: 198.71 | H62: =_xlfn.XLOOKUP('Customer Info'!A899,'Customer Info'!A899:A998,'Customer Info'!E899:E998,0,0) -> 0 | J62: =_xlfn.XLOOKUP('Customer Info'!A899,'Customer Info'!A899:A998,'Customer Info'!M899:M998) -> 0
A63: GOC42881px | B63: 5 | C63: 1 | D63: 2021 | E63: 0 | F63: 198.71 | H63: =_xlfn.XLOOKUP('Customer Info'!A2096,'Customer Info'!A2096:A2195,'Customer Info'!E2096:E2195,0,0) -> 0 | J63: =_xlfn.XLOOKUP('Customer Info'!A2096,'Customer Info'!A2096:A2195,'Customer Info'!M2096:M2195) -> 0
A64: OXQ92940zy | B64: 17 | C64: 10 | D64: 2021 | E64: 0 | F64: 198.71 | H64: =_xlfn.XLOOKUP('Customer Info'!A2097,'Customer Info'!A2097:A2196,'Customer Info'!E2097:E2196,0,0) -> 0 | J64: =_xlfn.XLOOKUP('Customer Info'!A2097,'Customer Info'!A2097:A2196,'Customer Info'!M2097:M2196) -> 0
A65: PCY81777xu | B65: 15 | C65: 1 | D65: 2021 | E65: None | F65: 198.4 | H65: =_xlfn.XLOOKUP('Customer Info'!A1208,'Customer Info'!A1208:A1307,'Customer Info'!E1208:E1307,0,0) -> 0 | J65: =_xlfn.XLOOKUP('Customer Info'!A1208,'Customer Info'!A1208:A1307,'Customer Info'!M1208:M1307) -> 0
A66: AOY53449sm | B66: 1 | C66: 1 | D66: 2020 | E66: None | F66: 198.09 | H66: =_xlfn.XLOOKUP('Customer Info'!A9,'Customer Info'!A9:A108,'Customer Info'!E9:E108,0,0) -> 2 | I66: =_xlfn.XLOOKUP('Customer Info'!A9,'Customer Info'!A9:A108,'Customer Info'!J9:J108,0) -> Mpower | J66: =_xlfn.XLOOKUP('Customer Info'!A9,'Customer Info'!A9:A108,'Customer Info'!M9:M108) -> FALSE
A67: VJT76037py | B67: 5 | C67: 1 | D67: 2020 | E67: 0 | F67: 197.78 | H67: =_xlfn.XLOOKUP('Customer Info'!A900,'Customer Info'!A900:A999,'Customer Info'!E900:E999,0,0) -> 0 | J67: =_xlfn.XLOOKUP('Customer Info'!A900,'Customer Info'!A900:A999,'Customer Info'!M900:M999) -> 0
A68: PCY81777xu | B68: 15 | C68: 12 | D68: 2021 | E68: 0 | F68: 197.78 | H68: =_xlfn.XLOOKUP('Customer Info'!A2098,'Customer Info'!A2098:A2197,'Customer Info'!E2098:E2197,0,0) -> 0 | J68: =_xlfn.XLOOKUP('Customer Info'!A2098,'Customer Info'!A2098:A2197,'Customer Info'!M2098:M2197) -> 0
A69: NUC71080hy | B69: 21 | C69: 12 | D69: 2021 | E69: None | F69: 197.47 | H69: =_xlfn.XLOOKUP('Customer Info'!A1209,'Customer Info'!A1209:A1308,'Customer Info'!E1209:E1308,0,0) -> 0 | J69: =_xlfn.XLOOKUP('Customer Info'!A1209,'Customer Info'!A1209:A1308,'Customer Info'!M1209:M1308) -> 0
A70: YFB97062xj | B70: 5 | C70: 11 | D70: 2021 | E70: 0 | F70: 197.1 | H70: =_xlfn.XLOOKUP('Customer Info'!A2099,'Customer Info'!A2099:A2198,'Customer Info'!E2099:E2198,0,0) -> 0 | J70: =_xlfn.XLOOKUP('Customer Info'!A2099,'Customer Info'!A2099:A2198,'Customer Info'!M2099:M2198) -> 0
A71: ABS01137oq | B71: 5 | C71: 12 | D71: 2021 | E71: 0 | F71: 196.85 | H71: =_xlfn.XLOOKUP('Customer Info'!A2100,'Customer Info'!A2100:A2199,'Customer Info'!E2100:E2199,0,0) -> 0 | J71: =_xlfn.XLOOKUP('Customer Info'!A2100,'Customer Info'!A2100:A2199,'Customer Info'!M2100:M2199) -> 0
A72: BAK65354tq | B72: 5 | C72: 2 | D72: 2020 | E72: 0 | F72: 196.84 | H72: =_xlfn.XLOOKUP('Customer Info'!A901,'Customer Info'!A901:A1000,'Customer Info'!E901:E1000,0,0) -> 0 | J72: =_xlfn.XLOOKUP('Customer Info'!A901,'Customer Info'!A901:A1000,'Customer Info'!M901:M1000) -> 0
A73: PCY81777xu | B73: 15 | C73: 11 | D73: 2020 | E73: 0 | F73: 196.8 | H73: =_xlfn.XLOOKUP('Customer Info'!A902,'Customer Info'!A902:A1001,'Customer Info'!E902:E1001,0,0) -> 0 | J73: =_xlfn.XLOOKUP('Customer Info'!A902,'Customer Info'!A902:A1001,'Customer Info'!M902:M1001) -> 0
A74: OXQ92940zy | B74: 17 | C74: 3 | D74: 2021 | E74: 0 | F74: 196.54 | H74: =_xlfn.XLOOKUP('Customer Info'!A2101,'Customer Info'!A2101:A2200,'Customer Info'!E2101:E2200,0,0) -> 0 | J74: =_xlfn.XLOOKUP('Customer Info'!A2101,'Customer Info'!A2101:A2200,'Customer Info'!M2101:M2200) -> 0
A75: OFD38290ot | B75: 2 | C75: 4 | D75: 2021 | E75: 0 | F75: 196.5 | H75: =_xlfn.XLOOKUP('Customer Info'!A2102,'Customer Info'!A2102:A2201,'Customer Info'!E2102:E2201,0,0) -> 0 | J75: =_xlfn.XLOOKUP('Customer Info'!A2102,'Customer Info'!A2102:A2201,'Customer Info'!M2102:M2201) -> 0
A76: WBO33198ot | B76: 8 | C76: 1 | D76: 2021 | E76: None | F76: 195.92 | H76: =_xlfn.XLOOKUP('Customer Info'!A1210,'Customer Info'!A1210:A1309,'Customer Info'!E1210:E1309,0,0) -> 0 | J76: =_xlfn.XLOOKUP('Customer Info'!A1210,'Customer Info'!A1210:A1309,'Customer Info'!M1210:M1309) -> 0
A77: XDF12820ir | B77: 22 | C77: 1 | D77: 2021 | E77: 0 | F77: 195.92 | H77: =_xlfn.XLOOKUP('Customer Info'!A2103,'Customer Info'!A2103:A2202,'Customer Info'!E2103:E2202,0,0) -> 0 | J77: =_xlfn.XLOOKUP('Customer Info'!A2103,'Customer Info'!A2103:A2202,'Customer Info'!M2103:M2202) -> 0
A78: HPT27954kx | B78: 22 | C78: 11 | D78: 2020 | E78: 0 | F78: 195.3 | H78: =_xlfn.XLOOKUP('Customer Info'!A903,'Customer Info'!A903:A1002,'Customer Info'!E903:E1002,0,0) -> 0 | J78: =_xlfn.XLOOKUP('Customer Info'!A903,'Customer Info'!A903:A1002,'Customer Info'!M903:M1002) -> 0
A79: VJT76037py | B79: 5 | C79: 12 | D79: 2021 | E79: 0 | F79: 195.3 | H79: =_xlfn.XLOOKUP('Customer Info'!A2104,'Customer Info'!A2104:A2203,'Customer Info'!E2104:E2203,0,0) -> 0 | J79: =_xlfn.XLOOKUP('Customer Info'!A2104,'Customer Info'!A2104:A2203,'Customer Info'!M2104:M2203) -> 0
A80: YOB39332fb | B80: 14 | C80: 12 | D80: 2020 | E80: 0 | F80: 194.99 | H80: =_xlfn.XLOOKUP('Customer Info'!A904,'Customer Info'!A904:A1003,'Customer Info'!E904:E1003,0,0) -> 0 | J80: =_xlfn.XLOOKUP('Customer Info'!A904,'Customer Info'!A904:A1003,'Customer Info'!M904:M1003) -> 0
A81: RQP11655zi | B81: 22 | C81: 2 | D81: 2021 | E81: 0 | F81: 194.88 | H81: =_xlfn.XLOOKUP('Customer Info'!A2105,'Customer Info'!A2105:A2204,'Customer Info'!E2105:E2204,0,0) -> 0 | J81: =_xlfn.XLOOKUP('Customer Info'!A2105,'Customer Info'!A2105:A2204,'Customer Info'!M2105:M2204) -> 0
A82: PCY81777xu | B82: 15 | C82: 12 | D82: 2020 | E82: 0 | F82: 194.68 | H82: =_xlfn.XLOOKUP('Customer Info'!A905,'Customer Info'!A905:A1004,'Customer Info'!E905:E1004,0,0) -> 0 | J82: =_xlfn.XLOOKUP('Customer Info'!A905,'Customer Info'!A905:A1004,'Customer Info'!M905:M1004) -> 0
A83: XDF12820ir | B83: 22 | C83: 11 | D83: 2021 | E83: 0 | F83: 194.4 | H83: =_xlfn.XLOOKUP('Customer Info'!A2106,'Customer Info'!A2106:A2205,'Customer Info'!E2106:E2205,0,0) -> 0 | J83: =_xlfn.XLOOKUP('Customer Info'!A2106,'Customer Info'!A2106:A2205,'Customer Info'!M2106:M2205) -> 0
A84: AOY53449sm | B84: 1 | C84: 12 | D84: 2020 | E84: None | F84: 194.06 | H84: =_xlfn.XLOOKUP('Customer Info'!A10,'Customer Info'!A10:A109,'Customer Info'!E10:E109,0,0) -> 3 | I84: =_xlfn.XLOOKUP('Customer Info'!A10,'Customer Info'!A10:A109,'Customer Info'!J10:J109,0) -> SSW | J84: =_xlfn.XLOOKUP('Customer Info'!A10,'Customer Info'!A10:A109,'Customer Info'!M10:M109) -> FALSE
A85: WLA72030fi | B85: 7 | C85: 12 | D85: 2021 | E85: None | F85: 193.75 | H85: =_xlfn.XLOOKUP('Customer Info'!A1211,'Customer Info'!A1211:A1310,'Customer Info'!E1211:E1310,0,0) -> 0 | J85: =_xlfn.XLOOKUP('Customer Info'!A1211,'Customer Info'!A1211:A1310,'Customer Info'!M1211:M1310) -> 0
A86: QJY78975xx | B86: 1 | C86: 2 | D86: 2021 | E86: 0 | F86: 193.48 | H86: =_xlfn.XLOOKUP('Customer Info'!A2107,'Customer Info'!A2107:A2206,'Customer Info'!E2107:E2206,0,0) -> 0 | J86: =_xlfn.XLOOKUP('Customer Info'!A2107,'Customer Info'!A2107:A2206,'Customer Info'!M2107:M2206) -> 0
A87: SDI07287zg | B87: 22 | C87: 12 | D87: 2020 | E87: None | F87: 193.13 | H87: =_xlfn.XLOOKUP('Customer Info'!A11,'Customer Info'!A11:A110,'Customer Info'!E11:E110,0,0) -> 2 | I87: =_xlfn.XLOOKUP('Customer Info'!A11,'Customer Info'!A11:A110,'Customer Info'!J11:J110,0) -> Scottish Gas | J87: =_xlfn.XLOOKUP('Customer Info'!A11,'Customer Info'!A11:A110,'Customer Info'!M11:M110) -> FALSE
A88: BQY08319vl | B88: 12 | C88: 11 | D88: 2021 | E88: None | F88: 192.9 | H88: =_xlfn.XLOOKUP('Customer Info'!A1212,'Customer Info'!A1212:A1311,'Customer Info'!E1212:E1311,0,0) -> 0 | J88: =_xlfn.XLOOKUP('Customer Info'!A1212,'Customer Info'!A1212:A1311,'Customer Info'!M1212:M1311) -> 0
A89: RQP11655zi | B89: 22 | C89: 12 | D89: 2021 | E89: None | F89: 192.82 | H89: =_xlfn.XLOOKUP('Customer Info'!A1213,'Customer Info'!A1213:A1312,'Customer Info'!E1213:E1312,0,0) -> 0 | J89: =_xlfn.XLOOKUP('Customer Info'!A1213,'Customer Info'!A1213:A1312,'Customer Info'!M1213:M1312) -> 0
A90: WLA72030fi | B90: 7 | C90: 1 | D90: 2021 | E90: 0 | F90: 192.82 | H90: =_xlfn.XLOOKUP('Customer Info'!A2108,'Customer Info'!A2108:A2207,'Customer Info'!E2108:E2207,0,0) -> 0 | J90: =_xlfn.XLOOKUP('Customer Info'!A2108,'Customer Info'!A2108:A2207,'Customer Info'!M2108:M2207) -> 0
A91: GOC42881px | B91: 5 | C91: 1 | D91: 2020 | E91: 0 | F91: 192.51 | H91: =_xlfn.XLOOKUP('Customer Info'!A906,'Customer Info'!A906:A1005,'Customer Info'!E906:E1005,0,0) -> 0 | J91: =_xlfn.XLOOKUP('Customer Info'!A906,'Customer Info'!A906:A1005,'Customer Info'!M906:M1005) -> 0
A92: BMJ31234eq | B92: 10 | C92: 12 | D92: 2021 | E92: 0 | F92: 192.51 | H92: =_xlfn.XLOOKUP('Customer Info'!A2109,'Customer Info'!A2109:A2208,'Customer Info'!E2109:E2208,0,0) -> 0 | J92: =_xlfn.XLOOKUP('Customer Info'!A2109,'Customer Info'!A2109:A2208,'Customer Info'!M2109:M2208) -> 0
A93: QJY78975xx | B93: 1 | C93: 1 | D93: 2020 | E93: None | F93: 192.2 | H93: =_xlfn.XLOOKUP('Customer Info'!A12,'Customer Info'!A12:A111,'Customer Info'!E12:E111,0,0) -> 2 | I93: =_xlfn.XLOOKUP('Customer Info'!A12,'Customer Info'!A12:A111,'Customer Info'!J12:J111,0) -> SSW | J93: =_xlfn.XLOOKUP('Customer Info'!A12,'Customer Info'!A12:A111,'Customer Info'!M12:M111) -> FALSE
A94: HPT27954kx | B94: 22 | C94: 12 | D94: 2020 | E94: 0 | F94: 192.2 | H94: =_xlfn.XLOOKUP('Customer Info'!A907,'Customer Info'!A907:A1006,'Customer Info'!E907:E1006,0,0) -> 0 | J94: =_xlfn.XLOOKUP('Customer Info'!A907,'Customer Info'!A907:A1006,'Customer Info'!M907:M1006) -> 0
A95: WBO33198ot | B95: 8 | C95: 1 | D95: 2020 | E95: 0 | F95: 191.89 | H95: =_xlfn.XLOOKUP('Customer Info'!A908,'Customer Info'!A908:A1007,'Customer Info'!E908:E1007,0,0) -> 0 | J95: =_xlfn.XLOOKUP('Customer Info'!A908,'Customer Info'!A908:A1007,'Customer Info'!M908:M1007) -> 0
A96: QJY78975xx | B96: 1 | C96: 10 | D96: 2021 | E96: 0 | F96: 191.89 | H96: =_xlfn.XLOOKUP('Customer Info'!A2110,'Customer Info'!A2110:A2209,'Customer Info'!E2110:E2209,0,0) -> 0 | J96: =_xlfn.XLOOKUP('Customer Info'!A2110,'Customer Info'!A2110:A2209,'Customer Info'!M2110:M2209) -> 0
A97: YOB39332fb | B97: 14 | C97: 3 | D97: 2020 | E97: 0 | F97: 190.65 | H97: =_xlfn.XLOOKUP('Customer Info'!A909,'Customer Info'!A909:A1008,'Customer Info'!E909:E1008,0,0) -> 0 | J97: =_xlfn.XLOOKUP('Customer Info'!A909,'Customer Info'!A909:A1008,'Customer Info'!M909:M1008) -> 0
A98: VAI27858eo | B98: 7 | C98: 12 | D98: 2021 | E98: 0 | F98: 190.65 | H98: =_xlfn.XLOOKUP('Customer Info'!A2111,'Customer Info'!A2111:A2210,'Customer Info'!E2111:E2210,0,0) -> 0 | J98: =_xlfn.XLOOKUP('Customer Info'!A2111,'Customer Info'!A2111:A2210,'Customer Info'!M2111:M2210) -> 0
A99: BMJ31234eq | B99: 10 | C99: 12 | D99: 2020 | E99: 0 | F99: 190.34 | H99: =_xlfn.XLOOKUP('Customer Info'!A910,'Customer Info'!A910:A1009,'Customer Info'!E910:E1009,0,0) -> 0 | J99: =_xlfn.XLOOKUP('Customer Info'!A910,'Customer Info'!A910:A1009,'Customer Info'!M910:M1009) -> 0
A100: SDI07287zg | B100: 22 | C100: 2 | D100: 2020 | E100: 0 | F100: 189.84 | H100: =_xlfn.XLOOKUP('Customer Info'!A911,'Customer Info'!A911:A1010,'Customer Info'!E911:E1010,0,0) -> 0 | J100: =_xlfn.XLOOKUP('Customer Info'!A911,'Customer Info'!A911:A1010,'Customer Info'!M911:M1010) -> 0
...

Sheet Customer Info
A1: Customer ID | B1: Account Holder | C1: Customer Address | D1: House Type | E1: Bedrooms | F1: Boiler Fuel Type | G1: Tariff Type | H1: Renewable Sources | I1: Gas Supplier | J1: Electricity Supplier | K1: EPC Rating | L1: Insulated | M1: Solar Panels
A2: GOC42881px | B2: Tove Okyere-Field | C2: 10 Greenwood Green, East Leahland, East Lothian, W19 8SB | D2: Semi Detached | E2: 2 | F2: Electric | G2: Fixed | H2: FALSE | J2: Scottish Gas | K2: F | L2: TRUE | M2: FALSE
A3: WBO33198ot | B3: Anouk Venkataraman | C3: 75 Frost Avenue, New Garry, Clackmannanshire, W8K 7UE | D3: Detached | E3: 3 | F3: Electric | G3: Fixed | H3: FALSE | J3: Scottish Gas | K3: B | L3: TRUE | M3: FALSE
A4: XDF12820ir | B4: Maria Hamel | C4: 20 Oliver Road, West Lesley, Fife, G19 5UG | D4: Mid Terrace | E4: 2 | F4: Electric | G4: Fixed | H4: FALSE | J4: SSW | K4: F | L4: TRUE | M4: FALSE
A5: UPF42692ng | B5: Einar Afrakomaa | C5: 47 Johnson Avenue, North Linda, Moray, E31 8TA | D5: End of Terrace | E5: 4 | F5: Gas | G5: Fixed | H5: TRUE | I5: Scottish Gas | J5: Scottish Gas | K5: B | L5: FALSE | M5: FALSE
A6: ZGO86289zp | B6: Gorm Tuohey-Martel | C6: 20 Humphries Green, West Jeremymouth, Greater London, SK55 1AF | D6: Semi Detached | E6: 2 | F6: Gas | G6: Fixed | H6: TRUE | I6: Scottish Gas | J6: Scottish Gas | K6: B | L6: TRUE | M6: FALSE
A7: LCF17413kn | B7: Danielle Harris | C7: 9 Henderson Court, South Paigeview, Somerset, SS9 1NF | D7: Semi Detached | E7: 4 | F7: Gas | G7: Fixed | H7: FALSE | I7: Mpower | J7: Scottish Gas | K7: C | L7: TRUE | M7: FALSE
A8: RXY68626yj | B8: Ishita Deshpande | C8: 9 Morton Court, Graemestad, Wiltshire, N66 0HZ | D8: End of Terrace | E8: 4 | F8: Gas | G8: Variable | H8: FALSE | I8: SSW | J8: SSW | K8: D | L8: TRUE | M8: FALSE
A9: UBA60393vv | B9: Sheree Brown | C9: 5 Gibbons Green, North Kellytown, Northamptonshire, BH1 0NR | D9: Semi Detached | E9: 2 | F9: Gas | G9: Fixed | H9: FALSE | I9: Mpower | J9: Mpower | K9: D | L9: TRUE | M9: FALSE
A10: AWE86553lb | B10: Lawrence Sem-Leroux | C10: 72 Holmes Street, New Alicemouth, Buckinghamshire, B81 9JJ | D10: Mid Terrace | E10: 3 | F10: Gas | G10: Fixed | H10: FALSE | I10: SSW | J10: SSW | K10: E | L10: TRUE | M10: FALSE
A11: OVP60227cf | B11: Fiifi Phillips | C11: 69 Young Green, Ashleyborough, North Ayrshire, AB8 7AU | D11: Semi Detached | E11: 2 | F11: Gas | G11: Fixed | H11: TRUE | I11: DEF Energy | J11: Scottish Gas | K11: E | L11: TRUE | M11: FALSE
A12: ABS01137oq | B12: Bradley Cole | C12: 2 Singh Avenue, North Lydiachester, Greater Manchester, E25 9AN | D12: Mid Terrace | E12: 2 | F12: Electric | G12: Variable | H12: FALSE | J12: SSW | K12: A | L12: TRUE | M12: FALSE
A13: RXY39708bo | B13: Mads Shankar | C13: 5 Adams Avenue, Porterville, Hampshire, N1A 6YL | D13: Bungalow | E13: 2 | F13: Gas | G13: Fixed | H13: TRUE | I13: Scottish Gas | J13: Scottish Gas | K13: D | L13: TRUE | M13: FALSE
A14: JCG46776vt | B14: Denise Tailor | C14: 18 Turner Green, West Samuelfurt, Shropshire, L00 2AN | D14: Mid Terrace | E14: 3 | F14: Electric | G14: Fixed | H14: FALSE | J14: Scottish Gas | K14: D | L14: TRUE | M14: TRUE
A15: KSA79823ta | B15: Emer Agyemang | C15: 29 Carpenter Avenue, East Samantha, Orkney Islands, G2T 9YD | D15: Detached | E15: 3 | F15: Gas | G15: Variable | H15: TRUE | I15: Scottish Gas | J15: Scottish Gas | K15: A | L15: TRUE | M15: FALSE
A16: UOT01483nx | B16: Margot Hamon | C16: 26 Harris Green, Charlenestad, Scottish Borders, L8 2SH | D16: End of Terrace | E16: 4 | F16: Gas | G16: Fixed | H16: FALSE | I16: Scottish Gas | J16: Scottish Gas | K16: B | L16: FALSE | M16: FALSE
A17: OXQ92940zy | B17: Padraic Dada | C17: 32 Collins Road, South Reece, Durham, M6J 1XN | D17: End of Terrace | E17: 4 | F17: Electric | G17: Variable | H17: FALSE | J17: Scottish Gas | K17: A | L17: FALSE | M17: FALSE
A18: UAM51525zs | B18: Tonny MacGill | C18: 21 Gregory Road, Wellstown, Inverclyde, RM4 8YX | D18: Mid Terrace | E18: 4 | F18: Gas | G18: Fixed | H18: FALSE | I18: DEF Energy | J18: SSW | K18: F | L18: TRUE | M18: TRUE
A19: BUP87361ic | B19: Lucy Darko | C19: 70 Parker Green, Palmerburgh, Dumfries and Galloway, CF8 6HR | D19: End of Terrace | E19: 2 | F19: Gas | G19: Fixed | H19: FALSE | I19: SSW | J19: SSW | K19: A | L19: TRUE | M19: FALSE
A20: VAI27858eo | B20: Rowan Burke | C20: Flat 4, 72 Cole Way, New Georgemouth, Greater London, ML1 2DT | D20: Flat | E20: 2 | F20: Electric | G20: Fixed | H20: FALSE | J20: SSW | K20: D | L20: TRUE | M20: FALSE
A21: GMM05130fq | B21: Naoimh Koch | C21: 68 Foster Avenue, Port Kellystad, Falkirk, HA82 3RS | D21: Mid Terrace | E21: 4 | F21: Gas | G21: Fixed | H21: FALSE | I21: Scottish Gas | J21: Scottish Gas | K21: A | L21: TRUE | M21: FALSE
A22: IMK68238zx | B22: Pierce O'Shiel | C22: 33 Davies Way, New Josephineberg, Cambridgeshire, M4W 6EL | D22: Semi Detached | E22: 5 | F22: Electric | G22: Fixed | H22: TRUE | J22: SSW | K22: B | L22: TRUE | M22: TRUE
A23: QQY75684zh | B23: Gina Morel | C23: 44 Roberts Avenue, North Brettville, Cambridgeshire, DH3 3XT | D23: Mid Terrace | E23: 2 | F23: Gas | G23: Fixed | H23: FALSE | I23: Scottish Gas | J23: Scottish Gas | K23: F | L23: FALSE | M23: FALSE
A24: DWS80052jt | B24: Gemma Swift-Sha | C24: 15 Morris Street, McDonaldborough, North Lanarkshire, DE17 4DF | D24: End of Terrace | E24: 3 | F24: Gas | G24: Fixed | H24: FALSE | I24: E. OFF. | J24: Scottish Gas | K24: A | L24: FALSE | M24: FALSE
A25: BMJ31234eq | B25: Rati Amoako-Batta | C25: 28 Duncan Green, Griffithshaven, Fermanagh, HP4N 5HS | D25: Detached | E25: 3 | F25: Electric | G25: Fixed | H25: FALSE | J25: Mpower | K25: E | L25: TRUE | M25: FALSE
A26: UDT27710qe | B26: Amalie Holst | C26: 44 Reid Green, Kellymouth, North Ayrshire, E5A 5GN | D26: Mid Terrace | E26: 4 | F26: Gas | G26: Variable | H26: FALSE | I26: SSW | J26: SSW | K26: E | L26: TRUE | M26: FALSE
A27: CJR13440zu | B27: Antoine Ravi | C27: 50 Kelly Way, Owenville, Essex, AB92 5US | D27: Semi Detached | E27: 2 | F27: Gas | G27: Variable | H27: FALSE | I27: Scottish Gas | J27: Scottish Gas | K27: C | L27: TRUE | M27: FALSE
A28: USJ25734gc | B28: Misha Agyapong-Ghosh | C28: 50 Farmer Green, New Alexburgh, Eilean Siar, E30 1NB | D28: Semi Detached | E28: 4 | F28: Gas | G28: Fixed | H28: FALSE | I28: Scottish Gas | J28: Scottish Gas | K28: B | L28: TRUE | M28: FALSE
A29: HPT27954kx | B29: Judith Jones-Vestergaard | C29: 33 Cook Way, Rileyshire, Armagh, W2T 0SS | D29: Detached | E29: 5 | F29: Electric | G29: Fixed | H29: TRUE | J29: Scottish Gas | K29: C | L29: TRUE | M29: FALSE
A30: RCA91956mi | B30: Kanav Goff | C30: 41 Ali Road, North Billy, Greater Manchester, WR8A 8AD | D30: Bungalow | E30: 3 | F30: Gas | G30: Fixed | H30: FALSE | I30: Mpower | J30: Mpower | K30: C | L30: TRUE | M30: FALSE
A31: UGG38599vg | B31: Mary Wood | C31: 50 Brown Road, Dianebury, Clackmannanshire, N34 8DN | D31: End of Terrace | E31: 2 | F31: Electric | G31: Fixed | H31: TRUE | J31: Scottish Gas | K31: B | L31: TRUE | M31: FALSE
A32: YBP06973su | B32: Marie Wali | C32: 47 Young Green, East Hollie, Tyrone, B6D 4HE | D32: Semi Detached | E32: 2 | F32: Gas | G32: Variable | H32: FALSE | I32: Scottish Gas | J32: Scottish Gas | K32: B | L32: TRUE | M32: FALSE
A33: VRT72609qa | B33: Lærke Kilmore | C33: 22 Turner Green, Nashbury, Perth and Kinross, ZE1E 5LS | D33: Detached | E33: 3 | F33: Gas | G33: Fixed | H33: FALSE | I33: Scottish Gas | J33: Scottish Gas | K33: C | L33: TRUE | M33: FALSE
A34: PBR62140zd | B34: Lynne Thomas | C34: 42 Robertson Way, Port Jenniferview, Essex, L64 2UJ | D34: Mid Terrace | E34: 2 | F34: Electric | G34: Variable | H34: FALSE | J34: Scottish Gas | K34: A | L34: TRUE | M34: FALSE
A35: TCO48434zf | B35: Diya Bryant-Neveu | C35: 22 Williams Street, Evanston, West Dunbartonshire, DN4E 7UD | D35: Detached | E35: 3 | F35: Gas | G35: Fixed | H35: FALSE | I35: Scottish Gas | J35: Scottish Gas | K35: C | L35: FALSE | M35: FALSE
A36: DRI02640jp | B36: Ronnie Beatty | C36: 71 Ellis Way, West Marian, Oxfordshire, PL0B 2ZW | D36: Semi Detached | E36: 2 | F36: Gas | G36: Fixed | H36: TRUE | I36: Scottish Gas | J36: Scottish Gas | K36: B | L36: TRUE | M36: FALSE
A37: BQY08319vl | B37: Katy Faull | C37: 75 Ali Green, Dobsonville, Stirling, HA3 0TT | D37: Semi Detached | E37: 3 | F37: Electric | G37: Fixed | H37: FALSE | J37: Scottish Gas | K37: D | L37: TRUE | M37: FALSE
A38: QFZ47094lj | B38: Robert McKevitt-Chevallier | C38: 71 Williams Way, Phillipsstad, West Dunbartonshire, ML3V 7GH | D38: Semi Detached | E38: 3 | F38: Gas | G38: Variable | H38: FALSE | I38: Mpower | J38: Scottish Gas | K38: E | L38: TRUE | M38: FALSE
A39: NUC71080hy | B39: Odeline Nyame | C39: 2 Chambers Street, Morleytown, Merionethshire, M2 9SD | D39: Mid Terrace | E39: 3 | F39: Electric | G39: Fixed | H39: FALSE | J39: Scottish Gas | K39: A | L39: TRUE | M39: FALSE
A40: PBW91252br | B40: Aayush Lauritsen | C40: 38 Higgins Road, Williamsport, Nottinghamshire, N2 9PX | D40: Detached | E40: 4 | F40: Gas | G40: Variable | H40: FALSE | I40: Scottish Gas | J40: Scottish Gas | K40: C | L40: TRUE | M40: TRUE
A41: KXJ20268ur | B41: Martin Amponsah | C41: 27 Johnson Road, Markville, Moray, W3 1HS | D41: Mid Terrace | E41: 3 | F41: Gas | G41: Variable | H41: TRUE | I41: SSW | J41: SSW | K41: D | L41: FALSE | M41: TRUE
A42: LVY78103rt | B42: Susanne Bonsra | C42: 72 Welch Road, Laurenshire, Shropshire, CW70 7UJ | D42: End of Terrace | E42: 4 | F42: Gas | G42: Fixed | H42: TRUE | I42: Scottish Gas | J42: Scottish Gas | K42: E | L42: FALSE | M42: FALSE
A43: CKQ72473xh | B43: Mik Besson | C43: 47 Brennan Way, North Nicholas, Tyne and Wear, G6F 1BD | D43: Mid Terrace | E43: 4 | F43: Electric | G43: Fixed | H43: FALSE | J43: Mpower | K43: D | L43: TRUE | M43: FALSE
A44: TVC53544pg | B44: Rita Griffin | C44: 3 Carroll Green, Nathanmouth, Oxfordshire, GY35 9DP | D44: Detached | E44: 3 | F44: Gas | G44: Fixed | H44: FALSE | I44: Scottish Gas | J44: SSW | K44: A | L44: TRUE | M44: FALSE
A45: QJY78975xx | B45: Janet Iversen | C45: 40 Bryant Way, West Abigailfurt, Down, WD27 8JP | D45: Detached | E45: 4 | F45: Electric | G45: Fixed | H45: FALSE | J45: SSW | K45: C | L45: FALSE | M45: FALSE
A46: BAK65354tq | B46: Mik Owen | C46: 65 Evans Road, Port Kennethport, City of Edinburgh, E9G 5RY | D46: Detached | E46: 3 | F46: Electric | G46: Variable | H46: FALSE | J46: Scottish Gas | K46: B | L46: TRUE | M46: FALSE
A47: YWP66519xo | B47: Amy Adu | C47: 59 Bradley Court, East Brendaland, Carmarthenshire, E3 0YA | D47: Maisonette | E47: 3 | F47: Gas | G47: Variable | H47: FALSE | I47: Welsh Power | J47: SSW | K47: B | L47: FALSE | M47: FALSE
A48: CPL55956ua | B48: Rohan Hope | C48: 17 Miller Street, Lake James, Perth and Kinross, SG2N 6WQ | D48: Bungalow | E48: 2 | F48: Gas | G48: Fixed | H48: TRUE | I48: Scottish Gas | J48: SSW | K48: B | L48: TRUE | M48: FALSE
A49: JTY66568ab | B49: Nicole Pons | C49: 52 White Court, Port Jeffrey, Cornwall, M5 7PD | D49: End of Terrace | E49: 3 | F49: Electric | G49: Fixed | H49: FALSE | J49: Mpower | K49: B | L49: TRUE | M49: FALSE
A50: YKM51345rw | B50: Amelia O'Hurley | C50: 55 Williams Court, Allenland, Lancashire, DT15 8XH | D50: Bungalow | E50: 2 | F50: Gas | G50: Fixed | H50: FALSE | I50: SSW | J50: SSW | K50: C | L50: TRUE | M50: FALSE
A51: LRR57611gc | B51: Tonicha Agyapong | C51: 77 Slater Green, New Ryanstad, North Lanarkshire, M73 5WR | D51: Bungalow | E51: 2 | F51: Gas | G51: Fixed | H51: FALSE | I51: SSW | J51: SSW | K51: C | L51: TRUE | M51: FALSE
A52: KNH99031ok | B52: Auguste Sarpong-Ansomah | C52: Flat 17, 22 Chan Road, Lake Leannehaven, Shropshire, IV63 7ZL | D52: Flat | E52: 2 | F52: Gas | G52: Fixed | H52: TRUE | I52: Mpower | J52: Mpower | K52: C | L52: TRUE | M52: FALSE
A53: PCY81777xu | B53: Nicholas Dos Santos | C53: Flat 24, 27 Gray Avenue, Rickyshire, Angus, L1 2YQ | D53: Flat | E53: 2 | F53: Electric | G53: Variable | H53: FALSE | J53: SSW | K53: B | L53: TRUE | M53: FALSE
A54: VJT76037py | B54: Sara Hunt | C54: Flat 7, 66 Wilkinson Road, Phillipsberg, Carmarthenshire, S0A 6QF | D54: Flat | E54: 2 | F54: Electric | G54: Variable | H54: FALSE | J54: Mpower | K54: A | L54: TRUE | M54: FALSE
A55: KDF35765ns | B55: Umang Sodhi | C55: 37 Bruce Way, East Natashabury, Shetland Islands, G8 4QL | D55: Semi Detached | E55: 4 | F55: Gas | G55: Variable | H55: FALSE | I55: SSW | J55: SSW | K55: A | L55: TRUE | M55: FALSE
A56: PQU83927tz | B56: Samantha Stanley | C56: 12 Taylor Road, West Helen, Norfolk, OL60 3EW | D56: Bungalow | E56: 3 | F56: Gas | G56: Fixed | H56: FALSE | I56: Scottish Gas | J56: Scottish Gas | K56: D | L56: TRUE | M56: FALSE
A57: CGL78428bi | B57: Esben Simmons | C57: 77 Watkins Green, Lawrenceborough, Perth and Kinross, E5B 3QH | D57: Mid Terrace | E57: 4 | F57: Gas | G57: Variable | H57: FALSE | I57: Scottish Gas | J57: Scottish Gas | K57: B | L57: TRUE | M57: FALSE
A58: XOU76011bq | B58: Hollie West | C58: 58 Law Court, Lake Jemma, East Renfrewshire, B8J 5YL | D58: Detached | E58: 3 | F58: Gas | G58: Fixed | H58: TRUE | I58: DEF Energy | J58: Scottish Gas | K58: A | L58: TRUE | M58: FALSE
A59: UXC51133bj | B59: Vivaan Kermody | C59: 44 Williams Road, Lake Billymouth, Lincolnshire, N6 7DY | D59: Mid Terrace | E59: 3 | F59: Gas | G59: Fixed | H59: FALSE | I59: Scottish Gas | J59: Scottish Gas | K59: B | L59: TRUE | M59: FALSE
A60: ZOA34374mt | B60: Prerak Ghosh | C60: 14 Hope Avenue, New George, Merseyside, TW27 4QE | D60: Bungalow | E60: 3 | F60: Electric | G60: Fixed | H60: FALSE | J60: Scottish Gas | K60: A | L60: TRUE | M60: FALSE
A61: OFD38290ot | B61: Aimé McRann-Flynn | C61: 70 Young Way, Lake Frankmouth, Norfolk, L21 9WJ | D61: Semi Detached | E61: 4 | F61: Electric | G61: Variable | H61: FALSE | J61: Scottish Gas | K61: C | L61: TRUE | M61: FALSE
A62: XRJ71787yc | B62: Zacharie Lauridsen-Nash | C62: 76 Johnson Court, North Amelia, West Dunbartonshire, TQ1 5XY | D62: Semi Detached | E62: 2 | F62: Gas | G62: Fixed | H62: TRUE | I62: Scottish Gas | J62: Scottish Gas | K62: F | L62: TRUE | M62: FALSE
A63: XBV42166np | B63: Piaras Bech | C63: 26 Welch Way, Neilshire, South Lanarkshire, G8 7EE | D63: Semi Detached | E63: 3 | F63: Gas | G63: Fixed | H63: FALSE | I63: Scottish Gas | J63: Scottish Gas | K63: C | L63: TRUE | M63: FALSE
A64: JSS50609th | B64: Adam Ata | C64: 46 Saunders Avenue, Elliotttown, Merseyside, GY7 7WZ | D64: Semi Detached | E64: 2 | F64: Gas | G64: Variable | H64: TRUE | I64: Mpower | J64: Mpower | K64: C | L64: TRUE | M64: TRUE
A65: QWP09696fv | B65: Marlene Bertelsen | C65: 40 Woodward Road, Kirstyshire, Pembrokeshire, IM1B 4LR | D65: Mid Terrace | E65: 3 | F65: Gas | G65: Variable | H65: TRUE | I65: SSW | J65: SSW | K65: D | L65: TRUE | M65: FALSE
A66: NNY89064ob | B66: Mathew Wiafe | C66: Flat 21, 58 Ahmed Green, West Kerryshire, West Yorkshire, G16 1SH | D66: Flat | E66: 1 | F66: Gas | G66: Fixed | H66: FALSE | I66: Mpower | J66: Mpower | K66: E | L66: TRUE | M66: FALSE
A67: BSZ15393or | B67: Akwasi Toft | C67: 56 Schofield Way, South Rogerfort, Denbighshire, TF84 7UQ | D67: Semi Detached | E67: 3 | F67: Gas | G67: Fixed | H67: FALSE | I67: SSW | J67: SSW | K67: E | L67: TRUE | M67: FALSE
A68: QWR73562fp | B68: Jeffrey Flavin-Wright | C68: 54 Bond Avenue, North Rachael, Denbighshire, UB7 8ZU | D68: Mid Terrace | E68: 3 | F68: Gas | G68: Fixed | H68: FALSE | I68: SSW | J68: SSW | K68: F | L68: TRUE | M68: FALSE
A69: EKL10338nr | B69: Olivia Ahluwalia-Valette | C69: 38 Wright Way, Lake Trevormouth, West Lothian, S7J 1DU | D69: Semi Detached | E69: 3 | F69: Gas | G69: Variable | H69: FALSE | I69: Scottish Gas | J69: Scottish Gas | K69: A | L69: TRUE | M69: FALSE
A70: BZY84392al | B70: Virginie Allard | C70: Flat 24, 22 Reed Street, New Denise, Antrim, M95 8LZ | D70: Flat | E70: 3 | F70: Electric | G70: Fixed | H70: TRUE | J70: Scottish Gas | K70: B | L70: TRUE | M70: FALSE
A71: URL96021wh | B71: Thea Patel | C71: 80 Swift Court, Chandlerfurt, Greater Manchester, RM3A 1RN | D71: Semi Detached | E71: 4 | F71: Gas | G71: Fixed | H71: FALSE | I71: Scottish Gas | J71: Scottish Gas | K71: C | L71: TRUE | M71: FALSE
A72: NPA40850el | B72: Agnès Matthews | C72: Flat 4, 48 Brown Green, Port Suzanne, Denbighshire, DE4 0QH | D72: Flat | E72: 3 | F72: Gas | G72: Variable | H72: TRUE | I72: Mpower | J72: Mpower | K72: F | L72: TRUE | M72: FALSE
A73: IGE52059rs | B73: Karina Akyeampong | C73: Flat 3, 48 Oliver Street, Smithfurt, Surrey, PE74 2XE | D73: Flat | E73: 2 | F73: Gas | G73: Fixed | H73: TRUE | I73: Scottish Gas | J73: Scottish Gas | K73: F | L73: TRUE | M73: FALSE
A74: DMJ60585ex | B74: Ulf Dawson | C74: 13 Andrews Court, Danielberg, Falkirk, E38 5JJ | D74: Detached | E74: 4 | F74: Gas | G74: Variable | H74: FALSE | I74: Scottish Gas | J74: Scottish Gas | K74: C | L74: TRUE | M74: FALSE
A75: GZR74544gy | B75: Alanna Kneafsey | C75: 30 Watson Way, New Louisehaven, Surrey, RG3A 6PX | D75: Bungalow | E75: 2 | F75: Electric | G75: Fixed | H75: TRUE | J75: SSW | K75: A | L75: TRUE | M75: FALSE
A76: ARC26851vu | B76: Janet Davies | C76: 69 Wheeler Street, Jeanchester, North Lanarkshire, M5 9QA | D76: End of Terrace | E76: 2 | F76: Gas | G76: Fixed | H76: FALSE | I76: SSW | J76: SSW | K76: B | L76: TRUE | M76: FALSE
A77: MJZ74276gm | B77: Léon Schultz-Thompson | C77: 64 James Road, Juliaburgh, Somerset, W72 6UF | D77: Mid Terrace | E77: 3 | F77: Electric | G77: Fixed | H77: FALSE | J77: Mpower | K77: D | L77: TRUE | M77: FALSE
A78: TXE16784vj | B78: Rohan Davies | C78: 25 Webb Court, South Gailville, East Sussex, M8 6TG | D78: Semi Detached | E78: 3 | F78: Gas | G78: Fixed | H78: TRUE | I78: SSW | J78: SSW | K78: B | L78: TRUE | M78: FALSE
A79: MCP47147zi | B79: Indranil Acheampong | C79: 49 Short Street, Gillianview, Armagh, M0G 1HA | D79: Maisonette | E79: 2 | F79: Gas | G79: Fixed | H79: FALSE | I79: SSW | J79: SSW | K79: B | L79: TRUE | M79: FALSE
A80: JGD49544db | B80: Linda Smith-Perrot | C80: 18 Shah Avenue, Johnsonland, Surrey, M0 6BQ | D80: Maisonette | E80: 3 | F80: Electric | G80: Fixed | H80: FALSE | J80: Scottish Gas | K80: A | L80: TRUE | M80: FALSE
A81: PGA57952tx | B81: Carla Peron | C81: 57 North Avenue, Kennedymouth, City of Edinburgh, B6 7XP | D81: Maisonette | E81: 2 | F81: Gas | G81: Variable | H81: FALSE | I81: Welsh Power | J81: Scottish Gas | K81: B | L81: TRUE | M81: FALSE
A82: LPB30949bv | B82: Kyle Oppong | C82: 78 Mitchell Way, North Jasmineborough, Angus, M1 7TQ | D82: Detached | E82: 3 | F82: Electric | G82: Fixed | H82: FALSE | J82: Mpower | K82: A | L82: TRUE | M82: FALSE
A83: YFB97062xj | B83: Rebecca Quilty-Delaney | C83: 18 Smith Street, Port Geoffreyhaven, Dumfries and Galloway, SA5A 8TN | D83: Mid Terrace | E83: 2 | F83: Electric | G83: Variable | H83: FALSE | J83: SSW | K83: B | L83: TRUE | M83: FALSE
A84: CQJ42395dk | B84: Kathy Maillot | C84: 71 Wood Avenue, East Ambermouth, Radnorshire, L5G 9XE | D84: Mid Terrace | E84: 2 | F84: Gas | G84: Variable | H84: FALSE | I84: Mpower | J84: SSW | K84: B | L84: TRUE | M84: FALSE
A85: DAS61546hl | B85: Logan Douglas | C85: 52 Stone Court, Philipton, Anglesey, S13 0NE | D85: Semi Detached | E85: 5 | F85: Gas | G85: Fixed | H85: TRUE | I85: Squid Energy | J85: Mpower | K85: C | L85: TRUE | M85: FALSE
A86: SDI07287zg | B86: Joanna Waters | C86: 22 Moss Way, Bethshire, Antrim, W9W 2RJ | D86: Mid Terrace | E86: 2 | F86: Electric | G86: Variable | H86: FALSE | J86: SSW | K86: E | L86: TRUE | M86: FALSE
A87: XWI39898cl | B87: Aidan Chhabra | C87: 2 Phillips Road, West Matthew, West Midlands, EC1B 8RZ | D87: Mid Terrace | E87: 3 | F87: Gas | G87: Variable | H87: TRUE | I87: Squid Energy | J87: Scottish Gas | K87: D | L87: TRUE | M87: FALSE
A88: XHW94189wg | B88: Charlie Schmitt | C88: 12 George Green, North Junemouth, Dorset, NN8X 6DW | D88: Detached | E88: 3 | F88: Electric | G88: Fixed | H88: FALSE | J88: Mpower | K88: E | L88: TRUE | M88: FALSE
A89: QUD09671nj | B89: Georgia Nestor | C89: 47 Boyle Street, Hamiltonfurt, Monmouthshire, PL9 9ZX | D89: Bungalow | E89: 2 | F89: Gas | G89: Fixed | H89: FALSE | I89: Mpower | J89: Mpower | K89: B | L89: TRUE | M89: FALSE
A90: AOY53449sm | B90: Lucas Kusi | C90: Flat 24, 47 Ahmed Way, Newtonstad, Shetland Islands, RG0 2SL | D90: Flat | E90: 3 | F90: Electric | G90: Fixed | H90: FALSE | J90: Mpower | K90: B | L90: TRUE | M90: FALSE
A91: YOB39332fb | B91: Michelle Jørgensen-Georges | C91: 46 Barker Road, South Yvonnebury, West Midlands, N0S 0DH | D91: Detached | E91: 4 | F91: Electric | G91: Variable | H91: FALSE | J91: SSW | K91: C | L91: TRUE | M91: FALSE
A92: LPA00333yf | B92: Alex Bruun | C92: 55 Browne Avenue, New Anthony, South Ayrshire, S1T 7ZL | D92: Maisonette | E92: 3 | F92: Gas | G92: Fixed | H92: FALSE | I92: Mpower | J92: Mpower | K92: A | L92: TRUE | M92: FALSE
A93: RQP11655zi | B93: Valentine Nyaako-Boulanger | C93: 56 Barber Way, New Gordon, Suffolk, BT2B 5LB | D93: Mid Terrace | E93: 3 | F93: Electric | G93: Variable | H93: FALSE | J93: SSW | K93: A | L93: TRUE | M93: FALSE
A94: ZYA28990gg | B94: Caroline Edwards | C94: Flat 16, 59 Newton Green, South Fionashire, Armagh, E7F 2GA | D94: Flat | E94: 2 | F94: Gas | G94: Fixed | H94: FALSE | I94: SSW | J94: SSW | K94: B | L94: TRUE | M94: FALSE
A95: WLA72030fi | B95: Nicola Steffensen | C95: 5 Harper Avenue, West Geoffrey, West Sussex, G0 8SJ | D95: Bungalow | E95: 3 | F95: Electric | G95: Fixed | H95: FALSE | J95: SSW | K95: B | L95: TRUE | M95: FALSE
A96: MMT85033aa | B96: Beverley Amoasi-Asamoa | C96: 52 Taylor Street, New Glenhaven, Shetland Islands, L6W 8ZL | D96: End of Terrace | E96: 4 | F96: Gas | G96: Fixed | H96: FALSE | I96: Squid Energy | J96: SSW | K96: E | L96: TRUE | M96: TRUE
A97: APP25444qf | B97: Ragnhild Nielsen-Iversen | C97: 74 Peters Avenue, Katiefort, Worcestershire, ME9P 8BX | D97: Maisonette | E97: 1 | F97: Gas | G97: Fixed | H97: FALSE | I97: Scottish Gas | J97: Scottish Gas | K97: B | L97: TRUE | M97: FALSE
A98: WNJ39833gm | B98: Karl Macdonald | C98: 38 Hudson Way, Christineport, Armagh, LE5 9BR | D98: Maisonette | E98: 2 | F98: Electric | G98: Fixed | H98: FALSE | J98: Mpower | K98: B | L98: TRUE | M98: FALSE
A99: LQK10370cq | B99: Oliver Hunt-Magrath | C99: 26 Savage Green, East Liamberg, Worcestershire, M91 7RG | D99: Semi Detached | E99: 5 | F99: Electric | G99: Fixed | H99: TRUE | J99: Scottish Gas | K99: F | L99: TRUE | M99: FALSE
A100: XAD87761af | B100: Yan Jones | C100: 19 Roberts Green, Daleton, Monmouthshire, N34 2SW | D100: Bungalow | E100: 2 | F100: Gas | G100: Fixed | H100: TRUE | I100: Welsh Power | J100: Scottish Gas | K100: A | L100: TRUE | M100: FALSE
...

Sheet 2020
A1: Customer ID | B1: Reading Day | C1: Reading Month | D1: Reading Year | E1: Gas Reading (Price) | F1: Electric Reading (Price) | H1: solar panels
A2: OXQ92940zy | B2: 17 | C2: 12 | D2: 2020 | E2: None | F2: 244.9 | H2: =_xlfn.XLOOKUP('Data Source 1_customer readings'!A2,'Data Source 1_customer readings'!A2:A2400,'Data Source 1_customer readings'!J2:J2400) -> 0
A3: LQK10370cq | B3: 20 | C3: 12 | D3: 2020 | E3: None | F3: 206.46 | H3: =_xlfn.XLOOKUP('Data Source 1_customer readings'!A3,'Data Source 1_customer readings'!A3:A2401,'Data Source 1_customer readings'!J3:J2401) -> 0
A4: BAK65354tq | B4: 5 | C4: 11 | D4: 2020 | E4: None | F4: 206.1 | H4: =_xlfn.XLOOKUP('Data Source 1_customer readings'!A4,'Data Source 1_customer readings'!A4:A2402,'Data Source 1_customer readings'!J4:J2402) -> 0
A5: RQP11655zi | B5: 22 | C5: 2 | D5: 2020 | E5: None | F5: 204.12 | H5: =_xlfn.XLOOKUP('Data Source 1_customer readings'!A5,'Data Source 1_customer readings'!A5:A2403,'Data Source 1_customer readings'!J5:J2403) -> FALSE
A6: QJY78975xx | B6: 1 | C6: 12 | D6: 2020 | E6: None | F6: 203.05 | H6: =_xlfn.XLOOKUP('Data Source 1_customer readings'!A6,'Data Source 1_customer readings'!A6:A2404,'Data Source 1_customer readings'!J6:J2404) -> 0
A7: LQK10370cq | B7: 20 | C7: 1 | D7: 2020 | E7: None | F7: 202.43 | H7: =_xlfn.XLOOKUP('Data Source 1_customer readings'!A7,'Data Source 1_customer readings'!A7:A2405,'Data Source 1_customer readings'!J7:J2405) -> 0
A8: SDI07287zg | B8: 22 | C8: 1 | D8: 2020 | E8: None | F8: 199.33 | H8: =_xlfn.XLOOKUP('Data Source 1_customer readings'!A8,'Data Source 1_customer readings'!A8:A2406,'Data Source 1_customer readings'!J8:J2406) -> 0
A9: AOY53449sm | B9: 1 | C9: 1 | D9: 2020 | E9: None | F9: 198.09 | H9: =_xlfn.XLOOKUP('Data Source 1_customer readings'!A9,'Data Source 1_customer readings'!A9:A2407,'Data Source 1_customer readings'!J9:J2407) -> 0
A10: AOY53449sm | B10: 1 | C10: 12 | D10: 2020 | E10: None | F10: 194.06 | H10: =_xlfn.XLOOKUP('Data Source 1_customer readings'!A10,'Data Source 1_customer readings'!A10:A2408,'Data Source 1_customer readings'!J10:J2408) -> 0
A11: SDI07287zg | B11: 22 | C11: 12 | D11: 2020 | E11: None | F11: 193.13 | H11: =_xlfn.XLOOKUP('Data Source 1_customer readings'!A11,'Data Source 1_customer readings'!A11:A2409,'Data Source 1_customer readings'!J11:J2409) -> 0
A12: QJY78975xx | B12: 1 | C12: 1 | D12: 2020 | E12: None | F12: 192.2 | H12: =_xlfn.XLOOKUP('Data Source 1_customer readings'!A12,'Data Source 1_customer readings'!A12:A2410,'Data Source 1_customer readings'!J12:J2410) -> 0
A13: ABS01137oq | B13: 5 | C13: 11 | D13: 2020 | E13: None | F13: 187.8 | H13: =_xlfn.XLOOKUP('Data Source 1_customer readings'!A13,'Data Source 1_customer readings'!A13:A2411,'Data Source 1_customer readings'!J13:J2411) -> 0
... A144: MMT85033aa | B144: 24 | C144: 9 | D144: 2020 | E144: None | F144: 53.7 | H144: =_xlfn.XLOOKUP('Data Source 1_customer readings'!A144,'Data Source 1_customer readings'!A144:A2542,'Data Source 1_customer readings'!J144:J2542) -> 0
A145: LVY78103rt | B145: 3 | C145: 1 | D145: 2020 | E145: 177.01 | F145: 87.73 | H145: =_xlfn.XLOOKUP('Data Source 1_customer readings'!A145,'Data Source 1_customer readings'!A145:A2543,'Data Source 1_customer readings'!J145:J2543) -> 0
A146: LVY78103rt | B146: 3 | C146: 12 | D146: 2020 | E146: 177.01 | F146: 77.5 | H146: =_xlfn.XLOOKUP('Data Source 1_customer readings'!A146,'Data Source 1_customer readings'!A146:A2544,'Data Source 1_customer readings'!J146:J2544) -> 0
A147: UPF42692ng | B147: 7 | C147: 11 | D147: 2020 | E147: 162.9 | F147: 79.2 | H147: =_xlfn.XLOOKUP('Data Source 1_customer readings'!A147,'Data Source 1_customer readings'!A147:A2545,'Data Source 1_customer readings'!J147:J2545) -> 0
A148: UPF42692ng | B148: 7 | C148: 12 | D148: 2020 | E148: 160.58 | F148: 84.01 | H148: =_xlfn.XLOOKUP('Data Source 1_customer readings'!A148,'Data Source 1_customer readings'!A148:A2546,'Data Source 1_customer readings'!J148:J2546) -> FALSE
A149: UAM51525zs | B149: 2 | C149: 1 | D149: 2020 | E149: 153.14 | F149: 66.96 | H149: =_xlfn.XLOOKUP('Data Source 1_customer readings'!A149,'Data Source 1_customer readings'!A149:A2547,'Data Source 1_customer readings'!J149:J2547) -> 0
A150: YWP66519xo | B150: 23 | C150: 12 | D150: 2020 | E150: 149.73 | F150: 105.4 | H150: =_xlfn.XLOOKUP('Data Source 1_customer readings'!A150,'Data Source 1_customer readings'!A150:A2548,'Data Source 1_customer readings'!J150:J2548) -> 0
A151: LVY78103rt | B151: 3 | C151: 2 | D151: 2020 | E151: 148.96 | F151: 82.04 | H151: =_xlfn.XLOOKUP('Data Source 1_customer readings'!A151,'Data Source 1_customer readings'!A151:A2549,'Data Source 1_customer readings'!J151:J2549) -> 0
A152: YWP66519xo | B152: 23 | C152: 11 | D152: 2020 | E152: 148.5 | F152: 93 | H152: =_xlfn.XLOOKUP('Data Source 1_customer readings'!A152,'Data Source 1_customer readings'!A152:A2550,'Data Source 1_customer readings'!J152:J2550) -> TRUE
A153: DAS61546hl | B153: 20 | C153: 11 | D153: 2020 | E153: 147.6 | F153: 76.8 | H153: =_xlfn.XLOOKUP('Data Source 1_customer readings'!A153,'Data Source 1_customer readings'!A153:A2551,'Data Source 1_customer readings'!J153:J2551) -> 0
A154: KXJ20268ur | B154: 5 | C154: 11 | D154: 2020 | E154: 147.6 | F154: 57.6 | H154: =_xlfn.XLOOKUP('Data Source 1_customer readings'!A154,'Data Source 1_customer readings'!A154:A2552,'Data Source 1_customer readings'!J154:J2552) -> 0
A155: UPF42692ng | B155: 7 | C155: 1 | D155: 2020 | E155: 145.39 | F155: 97.03 | H155: =_xlfn.XLOOKUP('Data Source 1_customer readings'!A155,'Data Source 1_customer readings'!A155:A2553,'Data Source 1_customer readings'!J155:J2553) -> 0
A156: XRJ71787yc | B156: 8 | C156: 12 | D156: 2020 | E156: 144.15 | F156: 70.06 | H156: =_xlfn.XLOOKUP('Data Source 1_customer readings'!A156,'Data Source 1_customer readings'!A156:A2554,'Data Source 1_customer readings'!J156:J2554) -> 0
... A1200: GZR74544gy | B1200: 18 | C1200: 6 | D1200: 2020 | E1200: 0 | F1200: 86.1 | H1200: =_xlfn.XLOOKUP('Data Source 1_customer readings'!A1200,'Data Source 1_customer readings'!A1200:A3598,'Data Source 1_customer readings'!J1200:J3598) -> 0
A1201: OVP60227cf | B1201: 25 | C1201: 3 | D1201: 2020 | F1201: 69.44 | H1201: =_xlfn.XLOOKUP('Data Source 1_customer readings'!A1201,'Data Source 1_customer readings'!A1201:A3599,'Data Source 1_customer readings'!J1201:J3599) -> 0
E1203: =SUM(E145:E1202) -> 53627.34 | F1203: =SUM(F2:F1202) -> 125845.03
A1206: =COUNTA(_xlfn.UNIQUE(A2:A1201)) -> 100

Sheet double check
A1: Customer ID | B1: Reading Day | C1: Reading Month | D1: Reading Year | E1: Gas Reading (Price) | F1: Electric Reading (Price)
A2: OXQ92940zy | B2: 17 | C2: 12 | D2: 2020 | E2: None | F2: 244.9
A3: YOB39332fb | B3: 14 | C3: 11 | D3: 2020 | E3: 0 | F3: 234.3
A4: OXQ92940zy | B4: 17 | C4: 2 | D4: 2020 | E4: 0 | F4: 223.72
A5: OXQ92940zy | B5: 17 | C5: 1 | D5: 2020 | E5: 0 | F5: 220.72
A6: CKQ72473xh | B6: 8 | C6: 1 | D6: 2020 | E6: 0 | F6: 219.48
A7: SDI07287zg | B7: 22 | C7: 11 | D7: 2020 | E7: 0 | F7: 217.5
A8: OXQ92940zy | B8: 17 | C8: 11 | D8: 2020 | E8: 0 | F8: 213.9
A9: RQP11655zi | B9: 22 | C9: 12 | D9: 2020 | E9: 0 | F9: 209.87
A10: OFD38290ot | B10: 2 | C10: 1 | D10: 2020 | E10: 0 | F10: 209.25
A11: RQP11655zi | B11: 22 | C11: 1 | D11: 2020 | E11: 0 | F11: 209.25
A12: LQK10370cq | B12: 20 | C12: 12 | D12: 2020 | E12: None | F12: 206.46
A13: LQK10370cq | B13: 20 | C13: 11 | D13: 2020 | E13: 0 | F13: 206.4
A14: BAK65354tq | B14: 5 | C14: 11 | D14: 2020 | E14: None | F14: 206.1
A15: BAK65354tq | B15: 5 | C15: 1 | D15: 2020 | E15: 0 | F15: 205.84
A16: OFD38290ot | B16: 2 | C16: 11 | D16: 2020 | E16: 0 | F16: 205.5
A17: YFB97062xj | B17: 5 | C17: 1 | D17: 2020 | E17: 0 | F17: 205.22
A18: PCY81777xu | B18: 15 | C18: 1 | D18: 2020 | E18: 0 | F18: 204.6
A19: RQP11655zi | B19: 22 | C19: 2 | D19: 2020 | E19: None | F19: 204.12
A20: OFD38290ot | B20: 2 | C20: 12 | D20: 2020 | E20: 0 | F20: 203.98
A21: YFB97062xj | B21: 5 | C21: 12 | D21: 2020 | E21: 0 | F21: 203.98
A22: CKQ72473xh | B22: 8 | C22: 11 | D22: 2020 | E22: 0 | F22: 203.7
A23: YOB39332fb | B23: 14 | C23: 1 | D23: 2020 | E23: 0 | F23: 203.67
A24: QJY78975xx | B24: 1 | C24: 12 | D24: 2020 | E24: None | F24: 203.05
A25: OXQ92940zy | B25: 17 | C25: 10 | D25: 2020 | E25: 0 | F25: 202.74
A26: LQK10370cq | B26: 20 | C26: 1 | D26: 2020 | E26: None | F26: 202.43
A27: CKQ72473xh | B27: 8 | C27: 12 | D27: 2020 | E27: 0 | F27: 201.19
A28: YOB39332fb | B28: 14 | C28: 2 | D28: 2020 | E28: 0 | F28: 199.92
A29: SDI07287zg | B29: 22 | C29: 1 | D29: 2020 | E29: None | F29: 199.33
A30: PBR62140zd | B30: 14 | C30: 1 | D30: 2020 | E30: 0 | F30: 198.71
A31: HPT27954kx | B31: 22 | C31: 1 | D31: 2020 | E31: 0 | F31: 198.71
A32: AOY53449sm | B32: 1 | C32: 1 | D32: 2020 | E32: None | F32: 198.09
A33: VJT76037py | B33: 5 | C33: 1 | D33: 2020 | E33: 0 | F33: 197.78
A34: BAK65354tq | B34: 5 | C34: 2 | D34: 2020 | E34: 0 | F34: 196.84
A35: PCY81777xu | B35: 15 | C35: 11 | D35: 2020 | E35: 0 | F35: 196.8
A36: HPT27954kx | B36: 22 | C36: 11 | D36: 2020 | E36: 0 | F36: 195.3
A37: YOB39332fb | B37: 14 | C37: 12 | D37: 2020 | E37: 0 | F37: 194.99
A38: PCY81777xu | B38: 15 | C38: 12 | D38: 2020 | E38: 0 | F38: 194.68
A39: AOY53449sm | B39: 1 | C39: 12 | D39: 2020 | E39: None | F39: 194.06
A40: SDI07287zg | B40: 22 | C40: 12 | D40: 2020 | E40: None | F40: 193.13
A41: GOC42881px | B41: 5 | C41: 1 | D41: 2020 | E41: 0 | F41: 192.51
A42: QJY78975xx | B42: 1 | C42: 1 | D42: 2020 | E42: None | F42: 192.2
A43: HPT27954kx | B43: 22 | C43: 12 | D43: 2020 | E43: 0 | F43: 192.2
A44: WBO33198ot | B44: 8 | C44: 1 | D44: 2020 | E44: 0 | F44: 191.89
A45: YOB39332fb | B45: 14 | C45: 3 | D45: 2020 | E45: 0 | F45: 190.65
A46: BMJ31234eq | B46: 10 | C46: 12 | D46: 2020 | E46: 0 | F46: 190.34
A47: SDI07287zg | B47: 22 | C47: 2 | D47: 2020 | E47: 0 | F47: 189.84
A48: XHW94189wg | B48: 24 | C48: 11 | D48: 2020 | E48: 0 | F48: 188.7
A49: YFB97062xj | B49: 5 | C49: 11 | D49: 2020 | E49: 0 | F49: 188.1
A50: BMJ31234eq | B50: 10 | C50: 1 | D50: 2020 | E50: 0 | F50: 187.86
A51: ABS01137oq | B51: 5 | C51: 11 | D51: 2020 | E51: None | F51: 187.8
A52: QJY78975xx | B52: 1 | C52: 11 | D52: 2020 | E52: 0 | F52: 187.5
A53: JTY66568ab | B53: 18 | C53: 11 | D53: 2020 | E53: 0 | F53: 186.9
A54: XHW94189wg | B54: 24 | C54: 2 | D54: 2020 | E54: 0 | F54: 186.76
A55: YFB97062xj | B55: 5 | C55: 2 | D55: 2020 | E55: None | F55: 186.48
A56: CKQ72473xh | B56: 8 | C56: 2 | D56: 2020 | E56: 0 | F56: 186.48
A57: BAK65354tq | B57: 5 | C57: 12 | D57: 2020 | E57: 0 | F57: 186.31
A58: YOB39332fb | B58: 14 | C58: 4 | D58: 2020 | E58: 0 | F58: 186
A59: BQY08319vl | B59: 12 | C59: 2 | D59: 2020 | E59: None | F59: 185.64
A60: BZY84392al | B60: 1 | C60: 11 | D60: 2020 | E60: 0 | F60: 185.4
A61: BQY08319vl | B61: 12 | C61: 11 | D61: 2020 | E61: 0 | F61: 185.1
A62: LQK10370cq | B62: 20 | C62: 2 | D62: 2020 | E62: 0 | F62: 184.8
A63: OXQ92940zy | B63: 17 | C63: 4 | D63: 2020 | E63: 0 | F63: 184.2
A64: MJZ74276gm | B64: 7 | C64: 12 | D64: 2020 | E64: 0 | F64: 183.83
A65: IMK68238zx | B65: 10 | C65: 12 | D65: 2020 | E65: None | F65: 183.52
A66: OXQ92940zy | B66: 17 | C66: 3 | D66: 2020 | E66: 0 | F66: 183.52
A67: LPB30949bv | B67: 20 | C67: 11 | D67: 2020 | E67: 0 | F67: 183.3
A68: XHW94189wg | B68: 24 | C68: 12 | D68: 2020 | E68: 0 | F68: 182.9
A69: SDI07287zg | B69: 22 | C69: 3 | D69: 2020 | E69: 0 | F69: 182.59
A70: JGD49544db | B70: 2 | C70: 11 | D70: 2020 | E70: 0 | F70: 181.8
A71: NUC71080hy | B71: 21 | C71: 11 | D71: 2020 | E71: None | F71: 181.5
A72: BZY84392al | B72: 1 | C72: 1 | D72: 2020 | E72: None | F72: 180.73
A73: PBR62140zd | B73: 14 | C73: 12 | D73: 2020 | E73: 0 | F73: 180.42
A74: LPB30949bv | B74: 20 | C74: 1 | D74: 2020 | E74: 0 | F74: 179.8
A75: HPT27954kx | B75: 22 | C75: 2 | D75: 2020 | E75: 0 | F75: 179.76
A76: QJY78975xx | B76: 1 | C76: 2 | D76: 2020 | E76: 0 | F76: 179.48
A77: BMJ31234eq | B77: 10 | C77: 2 | D77: 2020 | E77: None | F77: 179.2
A78: ABS01137oq | B78: 5 | C78: 12 | D78: 2020 | E78: 0 | F78: 179.18
A79: RQP11655zi | B79: 22 | C79: 11 | D79: 2020 | E79: 0 | F79: 178.8
A80: NUC71080hy | B80: 21 | C80: 1 | D80: 2020 | E80: None | F80: 178.25
A81: MJZ74276gm | B81: 7 | C81: 1 | D81: 2020 | E81: 0 | F81: 177.32
A82: OFD38290ot | B82: 2 | C82: 4 | D82: 2020 | E82: 0 | F82: 176.7
A83: CKQ72473xh | B83: 8 | C83: 10 | D83: 2020 | E83: 0 | F83: 176.39
A84: MJZ74276gm | B84: 7 | C84: 2 | D84: 2020 | E84: 0 | F84: 175.56
A85: LQK10370cq | B85: 20 | C85: 4 | D85: 2020 | E85: 0 | F85: 175.5
A86: JTY66568ab | B86: 18 | C86: 12 | D86: 2020 | E86: 0 | F86: 175.46
A87: XHW94189wg | B87: 24 | C87: 1 | D87: 2020 | E87: None | F87: 175.15
A88: ZOA34374mt | B88: 15 | C88: 12 | D88: 2020 | E88: 0 | F88: 174.84
A89: YOB39332fb | B89: 14 | C89: 7 | D89: 2020 | E89: 0 | F89: 174.53
A90: AOY53449sm | B90: 1 | C90: 2 | D90: 2020 | E90: None | F90: 174.44
A91: ZOA34374mt | B91: 15 | C91: 11 | D91: 2020 | E91: 0 | F91: 174
A92: BZY84392al | B92: 1 | C92: 12 | D92: 2020 | E92: 0 | F92: 173.91
A93: OFD38290ot | B93: 2 | C93: 2 | D93: 2020 | E93: 0 | F93: 173.32
A94: YOB39332fb | B94: 14 | C94: 10 | D94: 2020 | E94: 0 | F94: 173.29
A95: BMJ31234eq | B95: 10 | C95: 11 | D95: 2020 | E95: 0 | F95: 172.5
A96: VJT76037py | B96: 5 | C96: 11 | D96: 2020 | E96: 0 | F96: 172.2
A97: IMK68238zx | B97: 10 | C97: 1 | D97: 2020 | E97: None | F97: 172.05
A98: ABS01137oq | B98: 5 | C98: 1 | D98: 2020 | E98: 0 | F98: 171.74
A99: OFD38290ot | B99: 2 | C99: 10 | D99: 2020 | E99: 0 | F99: 171.74
A100: HPT27954kx | B100: 22 | C100: 10 | D100: 2020 | E100: 0 | F100: 171.43
...

Sheet Sheet2
A1: Customer ID | B1: Reading Day | C1: Reading Month | D1: Reading Year | E1: Gas Reading (Price) | F1: Electric Reading (Price)
A2: OXQ92940zy | B2: 17 | C2: 12 | D2: 2021 | E2: None | F2: 272.49
A3: OXQ92940zy | B3: 17 | C3: 1 | D3: 2021 | E3: 0 | F3: 256.37
A4: OFD38290ot | B4: 2 | C4: 1 | D4: 2021 | E4: 0 | F4: 246.45
A5: OFD38290ot | B5: 2 | C5: 12 | D5: 2021 | E5: 0 | F5: 243.35
A6: OXQ92940zy | B6: 17 | C6: 11 | D6: 2021 | E6: 0 | F6: 237.9
A7: YOB39332fb | B7: 14 | C7: 1 | D7: 2021 | E7: 0 | F7: 233.74
A8: SDI07287zg | B8: 22 | C8: 11 | D8: 2021 | E8: 0 | F8: 231.9
A9: OFD38290ot | B9: 2 | C9: 11 | D9: 2021 | E9: None | F9: 226.8
A10: BAK65354tq | B10: 5 | C10: 11 | D10: 2021 | E10: 0 | F10: 224.1
A11: BAK65354tq | B11: 5 | C11: 12 | D11: 2021 | E11: None | F11: 222.89
A12: QJY78975xx | B12: 1 | C12: 1 | D12: 2021 | E12: 0 | F12: 222.89
A13: YFB97062xj | B13: 5 | C13: 12 | D13: 2021 | E13: 0 | F13: 221.03
A14: BAK65354tq | B14: 5 | C14: 1 | D14: 2021 | E14: 0 | F14: 219.17
A15: PBR62140zd | B15: 14 | C15: 1 | D15: 2021 | E15: 0 | F15: 218.86
A16: PCY81777xu | B16: 15 | C16: 11 | D16: 2021 | E16: 0 | F16: 216.9
A17: OXQ92940zy | B17: 17 | C17: 2 | D17: 2021 | E17: 0 | F17: 214.48
A18: VJT76037py | B18: 5 | C18: 11 | D18: 2021 | E18: 0 | F18: 213.9
A19: QJY78975xx | B19: 1 | C19: 12 | D19: 2021 | E19: None | F19: 211.73
A20: JGD49544db | B20: 2 | C20: 1 | D20: 2021 | E20: 0 | F20: 208.01
A21: BQY08319vl | B21: 12 | C21: 12 | D21: 2021 | E21: 0 | F21: 206.77
A22: QJY78975xx | B22: 1 | C22: 11 | D22: 2021 | E22: 0 | F22: 206.1
A23: GOC42881px | B23: 5 | C23: 12 | D23: 2021 | E23: 0 | F23: 205.53
A24: RQP11655zi | B24: 22 | C24: 1 | D24: 2021 | E24: 0 | F24: 205.22
A25: BQY08319vl | B25: 12 | C25: 1 | D25: 2021 | E25: 0 | F25: 203.05
A26: YOB39332fb | B26: 14 | C26: 11 | D26: 2021 | E26: 0 | F26: 202.5
A27: YFB97062xj | B27: 5 | C27: 1 | D27: 2021 | E27: None | F27: 201.5
A28: ZOA34374mt | B28: 15 | C28: 12 | D28: 2021 | E28: 0 | F28: 200.26
A29: SDI07287zg | B29: 22 | C29: 1 | D29: 2021 | E29: 0 | F29: 199.95
A30: YOB39332fb | B30: 14 | C30: 2 | D30: 2021 | E30: None | F30: 199.92
A31: YOB39332fb | B31: 14 | C31: 12 | D31: 2021 | E31: 0 | F31: 199.33
A32: OFD38290ot | B32: 2 | C32: 2 | D32: 2021 | E32: 0 | F32: 198.8
A33: GOC42881px | B33: 5 | C33: 1 | D33: 2021 | E33: 0 | F33: 198.71
A34: OXQ92940zy | B34: 17 | C34: 10 | D34: 2021 | E34: 0 | F34: 198.71
A35: PCY81777xu | B35: 15 | C35: 1 | D35: 2021 | E35: None | F35: 198.4
A36: PCY81777xu | B36: 15 | C36: 12 | D36: 2021 | E36: 0 | F36: 197.78
A37: NUC71080hy | B37: 21 | C37: 12 | D37: 2021 | E37: None | F37: 197.47
A38: YFB97062xj | B38: 5 | C38: 11 | D38: 2021 | E38: 0 | F38: 197.1
A39: ABS01137oq | B39: 5 | C39: 12 | D39: 2021 | E39: 0 | F39: 196.85
A40: OXQ92940zy | B40: 17 | C40: 3 | D40: 2021 | E40: 0 | F40: 196.54
A41: OFD38290ot | B41: 2 | C41: 4 | D41: 2021 | E41: 0 | F41: 196.5
A42: WBO33198ot | B42: 8 | C42: 1 | D42: 2021 | E42: None | F42: 195.92
A43: XDF12820ir | B43: 22 | C43: 1 | D43: 2021 | E43: 0 | F43: 195.92
A44: VJT76037py | B44: 5 | C44: 12 | D44: 2021 | E44: 0 | F44: 195.3
A45: RQP11655zi | B45: 22 | C45: 2 | D45: 2021 | E45: 0 | F45: 194.88
A46: XDF12820ir | B46: 22 | C46: 11 | D46: 2021 | E46: 0 | F46: 194.4
A47: WLA72030fi | B47: 7 | C47: 12 | D47: 2021 | E47: None | F47: 193.75
A48: QJY78975xx | B48: 1 | C48: 2 | D48: 2021 | E48: 0 | F48: 193.48
A49: BQY08319vl | B49: 12 | C49: 11 | D49: 2021 | E49: None | F49: 192.9
A50: RQP11655zi | B50: 22 | C50: 12 | D50: 2021 | E50: None | F50: 192.82
A51: WLA72030fi | B51: 7 | C51: 1 | D51: 2021 | E51: 0 | F51: 192.82
A52: BMJ31234eq | B52: 10 | C52: 12 | D52: 2021 | E52: 0 | F52: 192.51
A53: QJY78975xx | B53: 1 | C53: 10 | D53: 2021 | E53: 0 | F53: 191.89
A54: VAI27858eo | B54: 7 | C54: 12 | D54: 2021 | E54: 0 | F54: 190.65
A55: BQY08319vl | B55: 12 | C55: 2 | D55: 2021 | E55: 0 | F55: 188.16
A56: LQK10370cq | B56: 20 | C56: 12 | D56: 2021 | E56: 0 | F56: 187.86
A57: CKQ72473xh | B57: 8 | C57: 2 | D57: 2021 | E57: 0 | F57: 187.6
A58: YOB39332fb | B58: 14 | C58: 10 | D58: 2021 | E58: 0 | F58: 187.55
A59: SDI07287zg | B59: 22 | C59: 12 | D59: 2021 | E59: 0 | F59: 186.93
A60: RQP11655zi | B60: 22 | C60: 11 | D60: 2021 | E60: None | F60: 186.9
A61: BAK65354tq | B61: 5 | C61: 3 | D61: 2021 | E61: 0 | F61: 186.62
A62: XHW94189wg | B62: 24 | C62: 11 | D62: 2021 | E62: None | F62: 186.6
A63: NUC71080hy | B63: 21 | C63: 2 | D63: 2021 | E63: None | F63: 186.2
A64: HPT27954kx | B64: 22 | C64: 12 | D64: 2021 | E64: 0 | F64: 186
A65: OXQ92940zy | B65: 17 | C65: 4 | D65: 2021 | E65: 0 | F65: 185.7
A66: LQK10370cq | B66: 20 | C66: 11 | D66: 2021 | E66: 0 | F66: 185.4
A67: CKQ72473xh | B67: 8 | C67: 11 | D67: 2021 | E67: 0 | F67: 185.1
A68: YFB97062xj | B68: 5 | C68: 2 | D68: 2021 | E68: 0 | F68: 184.8
A69: JGD49544db | B69: 2 | C69: 12 | D69: 2021 | E69: 0 | F69: 184.14
A70: BMJ31234eq | B70: 10 | C70: 11 | D70: 2021 | E70: 0 | F70: 183.9
A71: OFD38290ot | B71: 2 | C71: 3 | D71: 2021 | E71: 0 | F71: 183.83
A72: QJY78975xx | B72: 1 | C72: 4 | D72: 2021 | E72: 0 | F72: 183.3
A73: VJT76037py | B73: 5 | C73: 1 | D73: 2021 | E73: None | F73: 182.9
A74: WLA72030fi | B74: 7 | C74: 2 | D74: 2021 | E74: 0 | F74: 182.84
A75: ZOA34374mt | B75: 15 | C75: 1 | D75: 2021 | E75: 0 | F75: 182.28
A76: YOB39332fb | B76: 14 | C76: 3 | D76: 2021 | E76: 0 | F76: 181.97
A77: LQK10370cq | B77: 20 | C77: 1 | D77: 2021 | E77: 0 | F77: 181.66
A78: OFD38290ot | B78: 2 | C78: 10 | D78: 2021 | E78: 0 | F78: 181.66
A79: OXQ92940zy | B79: 17 | C79: 9 | D79: 2021 | E79: 0 | F79: 181.2
A80: SDI07287zg | B80: 22 | C80: 2 | D80: 2021 | E80: 0 | F80: 180.88
A81: IMK68238zx | B81: 10 | C81: 1 | D81: 2021 | E81: None | F81: 180.73
A82: BAK65354tq | B82: 5 | C82: 2 | D82: 2021 | E82: 0 | F82: 180.32
A83: NUC71080hy | B83: 21 | C83: 11 | D83: 2021 | E83: None | F83: 180.3
A84: WBO33198ot | B84: 8 | C84: 2 | D84: 2021 | E84: 0 | F84: 180.04
A85: ZOA34374mt | B85: 15 | C85: 2 | D85: 2021 | E85: 0 | F85: 179.48
A86: RQP11655zi | B86: 22 | C86: 4 | D86: 2021 | E86: 0 | F86: 179.4
A87: XHW94189wg | B87: 24 | C87: 12 | D87: 2021 | E87: 0 | F87: 179.18
A88: HPT27954kx | B88: 22 | C88: 11 | D88: 2021 | E88: 0 | F88: 179.1
A89: QJY78975xx | B89: 1 | C89: 3 | D89: 2021 | E89: 0 | F89: 178.25
A90: HPT27954kx | B90: 22 | C90: 1 | D90: 2021 | E90: 0 | F90: 177.94
A91: GOC42881px | B91: 5 | C91: 2 | D91: 2021 | E91: 0 | F91: 177.8
A92: VJT76037py | B92: 5 | C92: 2 | D92: 2021 | E92: 0 | F92: 177.8
A93: JGD49544db | B93: 2 | C93: 2 | D93: 2021 | E93: 0 | F93: 177.52
A94: PBR62140zd | B94: 14 | C94: 12 | D94: 2021 | E94: None | F94: 177.32
A95: ZOA34374mt | B95: 15 | C95: 11 | D95: 2021 | E95: 0 | F95: 176.7
A96: JTY66568ab | B96: 18 | C96: 12 | D96: 2021 | E96: 0 | F96: 176.7
A97: NUC71080hy | B97: 21 | C97: 1 | D97: 2021 | E97: None | F97: 176.39
A98: GOC42881px | B98: 5 | C98: 11 | D98: 2021 | E98: 0 | F98: 176.1
A99: ABS01137oq | B99: 5 | C99: 1 | D99: 2021 | E99: None | F99: 176.08
A100: LPB30949bv | B100: 20 | C100: 1 | D100: 2021 | E100: 0 | F100: 176.08
...

Sheet Sheet4
A1: Customer ID | B1: Reading Day | C1: Reading Month | D1: Reading Year | E1: Gas Reading (Price) | F1: Electric Reading (Price) | H1: solar panels
A2: OXQ92940zy | B2: 17 | C2: 12 | D2: 2021 | E2: None | F2: 272.49 | H2: =_xlfn.XLOOKUP('Data Source 1_customer readings'!A2,'Data Source 1_customer readings'!A2:A2400,'Data Source 1_customer readings'!J2:J2400) -> 0
A3: OFD38290ot | B3: 2 | C3: 11 | D3: 2021 | E3: None | F3: 226.8 | H3: =_xlfn.XLOOKUP('Data Source 1_customer readings'!A3,'Data Source 1_customer readings'!A3:A2401,'Data Source 1_customer readings'!J3:J2401) -> 0
A4: BAK65354tq | B4: 5 | C4: 12 | D4: 2021 | E4: None | F4: 222.89 | H4: =_xlfn.XLOOKUP('Data Source 1_customer readings'!A4,'Data Source 1_customer readings'!A4:A2402,'Data Source 1_customer readings'!J4:J2402) -> 0
A5: QJY78975xx | B5: 1 | C5: 12 | D5: 2021 | E5: None | F5: 211.73 | H5: =_xlfn.XLOOKUP('Data Source 1_customer readings'!A5,'Data Source 1_customer readings'!A5:A2403,'Data Source 1_customer readings'!J5:J2403) -> FALSE
A6: YFB97062xj | B6: 5 | C6: 1 | D6: 2021 | E6: None | F6: 201.5 | H6: =_xlfn.XLOOKUP('Data Source 1_customer readings'!A6,'Data Source 1_customer readings'!A6:A2404,'Data Source 1_customer readings'!J6:J2404) -> 0
A7: YOB39332fb | B7: 14 | C7: 2 | D7: 2021 | E7: None | F7: 199.92 | H7: =_xlfn.XLOOKUP('Data Source 1_customer readings'!A7,'Data Source 1_customer readings'!A7:A2405,'Data Source 1_customer readings'!J7:J2405) -> 0
A8: PCY81777xu | B8: 15 | C8: 1 | D8: 2021 | E8: None | F8: 198.4 | H8: =_xlfn.XLOOKUP('Data Source 1_customer readings'!A8,'Data Source 1_customer readings'!A8:A2406,'Data Source 1_customer readings'!J8:J2406) -> 0
A9: NUC71080hy | B9: 21 | C9: 12 | D9: 2021 | E9: None | F9: 197.47 | H9: =_xlfn.XLOOKUP('Data Source 1_customer readings'!A9,'Data Source 1_customer readings'!A9:A2407,'Data Source 1_customer readings'!J9:J2407) -> 0
A10: WBO33198ot | B10: 8 | C10: 1+C18:C32 | D10: 2021 | E10: None | F10: 195.92 | H10: =_xlfn.XLOOKUP('Data Source 1_customer readings'!A10,'Data Source 1_customer readings'!A10:A2408,'Data Source 1_customer readings'!J10:J2408) -> 0
A11: WLA72030fi | B11: 7 | C11: 12 | D11: 2021 | E11: None | F11: 193.75 | H11: =_xlfn.XLOOKUP('Data Source 1_customer readings'!A11,'Data Source 1_customer readings'!A11:A2409,'Data Source 1_customer readings'!J11:J2409) -> 0
A12: BQY08319vl | B12: 12 | C12: 11 | D12: 2021 | E12: None | F12: 192.9 | H12: =_xlfn.XLOOKUP('Data Source 1_customer readings'!A12,'Data Source 1_customer readings'!A12:A2410,'Data Source 1_customer readings'!J12:J2410) -> 0
A13: RQP11655zi | B13: 22 | C13: 12 | D13: 2021 | E13: None | F13: 192.82 | H13: =_xlfn.XLOOKUP('Data Source 1_customer readings'!A13,'Data Source 1_customer readings'!A13:A2411,'Data Source 1_customer readings'!J13:J2411) -> 0
A14: RQP11655zi | B14: 22 | C14: 11 | D14: 2021 | E14: None | F14: 186.9 | H14: =_xlfn.XLOOKUP('Data Source 1_customer readings'!A14,'Data Source 1_customer readings'!A14:A2412,'Data Source 1_customer readings'!J14:J2412) -> 0
A15: XHW94189wg | B15: 24 | C15: 11 | D15: 2021 | E15: None | F15: 186.6 | H15: =_xlfn.XLOOKUP('Data Source 1_customer readings'!A15,'Data Source 1_customer readings'!A15:A2413,'Data Source 1_customer readings'!J15:J2413) -> 0
A16: NUC71080hy | B16: 21 | C16: 2 | D16: 2021 | E16: None | F16: 186.2 | H16: =_xlfn.XLOOKUP('Data Source 1_customer readings'!A16,'Data Source 1_customer readings'!A16:A2414,'Data Source 1_customer readings'!J16:J2414) -> 0
A17: VJT76037py | B17: 5 | C17: 1 | D17: 2021 | E17: None | F17: 182.9 | H17: =_xlfn.XLOOKUP('Data Source 1_customer readings'!A17,'Data Source 1_customer readings'!A17:A2415,'Data Source 1_customer readings'!J17:J2415) -> 0
A18: IMK68238zx | B18: 10 | C18: 1 | D18: 2021 | E18: None | F18: 180.73 | H18: =_xlfn.XLOOKUP('Data Source 1_customer readings'!A18,'Data Source 1_customer readings'!A18:A2416,'Data Source 1_customer readings'!J18:J2416) -> 0
A19: NUC71080hy | B19: 21 | C19: 11 | D19: 2021 | E19: None | F19: 180.3 | H19: =_xlfn.XLOOKUP('Data Source 1_customer readings'!A19,'Data Source 1_customer readings'!A19:A2417,'Data Source 1_customer readings'!J19:J2417) -> 0
A20: PBR62140zd | B20: 14 | C20: 12 | D20: 2021 | E20: None | F20: 177.32 | H20: =_xlfn.XLOOKUP('Data Source 1_customer readings'!A20,'Data Source 1_customer readings'!A20:A2418,'Data Source 1_customer readings'!J20:J2418) -> 0
A21: NUC71080hy | B21: 21 | C21: 1 | D21: 2021 | E21: None | F21: 176.39 | H21: =_xlfn.XLOOKUP('Data Source 1_customer readings'!A21,'Data Source 1_customer readings'!A21:A2419,'Data Source 1_customer readings'!J21:J2419) -> 0
A22: ABS01137oq | B22: 5 | C22: 1 | D22: 2021 | E22: None | F22: 176.08 | H22: =_xlfn.XLOOKUP('Data Source 1_customer readings'!A22,'Data Source 1_customer readings'!A22:A2420,'Data Source 1_customer readings'!J22:J2420) -> 0
... A138: OVP60227cf | B138: 25 | C138: 2 | D138: 2021 | E138: None | F138: 54.6 | H138: =_xlfn.XLOOKUP('Data Source 1_customer readings'!A138,'Data Source 1_customer readings'!A138:A2536,'Data Source 1_customer readings'!J138:J2536) -> 0
A139: UOT01483nx | B139: 18 | C139: 1 | D139: 2021 | E139: 162.44 | F139: 105.09 | H139: =_xlfn.XLOOKUP('Data Source 1_customer readings'!A139,'Data Source 1_customer readings'!A139:A2537,'Data Source 1_customer readings'!J139:J2537) -> 0
A140: UPF42692ng | B140: 7 | C140: 1 | D140: 2021 | E140: 160.89 | F140: 78.12 | H140: =_xlfn.XLOOKUP('Data Source 1_customer readings'!A140,'Data Source 1_customer readings'!A140:A2538,'Data Source 1_customer readings'!J140:J2538) -> 0
A141: LVY78103rt | B141: 3 | C141: 1 | D141: 2021 | E141: 160.58 | F141: 90.21 | H141: =_xlfn.XLOOKUP('Data Source 1_customer readings'!A141,'Data Source 1_customer readings'!A141:A2539,'Data Source 1_customer readings'!J141:J2539) -> 0
A142: YWP66519xo | B142: 23 | C142: 12 | D142: 2021 | E142: 159.96 | F142: 101.99 | H142: =_xlfn.XLOOKUP('Data Source 1_customer readings'!A142,'Data Source 1_customer readings'!A142:A2540,'Data Source 1_customer readings'!J142:J2540) -> 0
A143: UDT27710qe | B143: 25 | C143: 12 | D143: 2021 | E143: 158.1 | F143: 115.63 | H143: =_xlfn.XLOOKUP('Data Source 1_customer readings'!A143,'Data Source 1_customer readings'!A143:A2541,'Data Source 1_customer readings'!J143:J2541) -> 0
A144: UDT27710qe | B144: 25 | C144: 1 | D144: 2021 | E144: 157.17 | F144: 98.89 | H144: =_xlfn.XLOOKUP('Data Source 1_customer readings'!A144,'Data Source 1_customer readings'!A144:A2542,'Data Source 1_customer readings'!J144:J2542) -> 0
A145: KDF35765ns | B145: 21 | C145: 12 | D145: 2021 | E145: 155.31 | F145: 122.45 | H145: =_xlfn.XLOOKUP('Data Source 1_customer readings'!A145,'Data Source 1_customer readings'!A145:A2543,'Data Source 1_customer readings'!J145:J2543) -> 0
A146: RXY68626yj | B146: 16 | C146: 11 | D146: 2021 | E146: 154.8 | F146: 111 | H146: =_xlfn.XLOOKUP('Data Source 1_customer readings'!A146,'Data Source 1_customer readings'!A146:A2544,'Data Source 1_customer readings'!J146:J2544) -> 0
A147: KXJ20268ur | B147: 5 | C147: 12 | D147: 2021 | E147: 154.07 | F147: 81.53 | H147: =_xlfn.XLOOKUP('Data Source 1_customer readings'!A147,'Data Source 1_customer readings'!A147:A2545,'Data Source 1_customer readings'!J147:J2545) -> 0
A148: CGL78428bi | B148: 22 | C148: 11 | D148: 2021 | E148: 152.1 | F148: 104.7 | H148: =_xlfn.XLOOKUP('Data Source 1_customer readings'!A148,'Data Source 1_customer readings'!A148:A2546,'Data Source 1_customer readings'!J148:J2546) -> FALSE
A149: CGL78428bi | B149: 22 | C149: 1 | D149: 2021 | E149: 151.59 | F149: 114.7 | H149: =_xlfn.XLOOKUP('Data Source 1_customer readings'!A149,'Data Source 1_customer readings'!A149:A2547,'Data Source 1_customer readings'!J149:J2547) -> 0
A150: TCO48434zf | B150: 1 | C150: 1 | D150: 2021 | E150: 150.97 | F150: 86.8 | H150: =_xlfn.XLOOKUP('Data Source 1_customer readings'!A150,'Data Source 1_customer readings'!A150:A2548,'Data Source 1_customer readings'!J150:J2548) -> 0
... A1201: WNJ39833gm | B1201: 21 | C1201: 6 | D1201: 2021 | E1201: 0 | F1201: 85.2 | H1201: =_xlfn.XLOOKUP('Data Source 1_customer readings'!A1201,'Data Source 1_customer readings'!A1201:A3599,'Data Source 1_customer readings'!J1201:J3599) -> 0
E1203: =SUM(E139:E1202) -> 56839.77 | F1203: =SUM(F2:F1202) -> 130566.16
A1207: =COUNTA(_xlfn.UNIQUE(A2:A1201)) -> 100
